LGA_Code,LGA_Name,State,Latitude,Longitude,Area_SQKM
89399,Unincorporated ACT,Australian Capital Territory,-35.522795,148.956278,2358.133
10050,Albury,New South Wales,-36.015136,146.98177,305.6386
10180,Armidale Regional,New South Wales,-30.435493,151.954068,7809.4406
10250,Ballina,New South Wales,-28.852757,153.476151,484.9692
10300,Balranald,New South Wales,-34.043962,143.706779,21690.7493
10470,Bathurst Regional,New South Wales,-33.474694,149.641326,3817.8645
10500,Bayside (NSW),New South Wales,-33.9626,151.122566,50.6204
10550,Bega Valley,New South Wales,-36.816656,149.71157,6278.5013
10600,Bellingen,New South Wales,-30.373947,152.719223,1600.4338
10650,Berrigan,New South Wales,-35.751199,145.660164,2065.8878
10750,Blacktown,New South Wales,-33.740118,150.864755,238.8471
10800,Bland,New South Wales,-33.917941,147.053287,8557.6536
10850,Blayney,New South Wales,-33.616752,149.164452,1524.647
10900,Blue Mountains,New South Wales,-33.635101,150.43751,1431.1442
10950,Bogan,New South Wales,-31.568695,146.88447,14599.8996
11150,Bourke,New South Wales,-29.996021,145.294034,41598.3722
11200,Brewarrina,New South Wales,-29.949623,146.976141,19162.0296
11250,Broken Hill,New South Wales,-31.951233,141.478205,170.1153
11300,Burwood,New South Wales,-33.885647,151.102562,7.1282
11350,Byron,New South Wales,-28.613297,153.47783,565.8027
11400,Cabonne,New South Wales,-33.110842,148.902918,6022.3496
11450,Camden,New South Wales,-34.016449,150.719892,201.5278
11500,Campbelltown (NSW),New South Wales,-34.074017,150.853597,311.4117
11520,Canada Bay,New South Wales,-33.848533,151.097637,19.9239
11570,Canterbury-Bankstown,New South Wales,-33.923892,151.065564,110.2374
11600,Carrathool,New South Wales,-33.629618,145.452588,18934.4853
11650,Central Coast (NSW),New South Wales,-33.307172,151.266833,1681.0059
11700,Central Darling,New South Wales,-31.779066,143.596243,53492.193
11720,Cessnock,New South Wales,-32.893811,151.30098,1965.1593
11730,Clarence Valley,New South Wales,-29.694347,152.792251,10428.6804
11750,Cobar,New South Wales,-31.973958,145.299944,45575.3512
11800,Coffs Harbour,New South Wales,-30.172924,152.998524,1173.7435
12000,Coolamon,New South Wales,-34.601585,147.117649,2430.9037
12150,Coonamble,New South Wales,-30.865383,148.262309,9916.0535
12160,Cootamundra-Gundagai Regional,New South Wales,-34.809207,148.108823,3981.4172
12350,Cowra,New South Wales,-33.811451,148.694668,2808.7821
12380,Cumberland,New South Wales,-33.836636,150.967037,72.7496
12390,Dubbo Regional,New South Wales,-32.474507,148.836725,7534.5251
12700,Dungog,New South Wales,-32.347188,151.626249,2249.9983
12730,Edward River,New South Wales,-35.233719,144.984116,8883.4463
12750,Eurobodalla,New South Wales,-35.933081,149.924453,3428.1695
12850,Fairfield,New South Wales,-33.867425,150.889238,101.5072
12870,Federation,New South Wales,-35.460914,146.229463,5684.9253
12900,Forbes,New South Wales,-33.37767,147.953617,4710.128
12930,Georges River,New South Wales,-33.972634,151.090066,38.3375
12950,Gilgandra,New South Wales,-31.632988,148.704473,4831.5057
13010,Glen Innes Severn,New South Wales,-29.631887,151.917291,5479.977
13310,Goulburn Mulwaree,New South Wales,-34.902118,149.801485,3220.0796
13340,Greater Hume Shire,New South Wales,-35.759028,147.161572,5749.3875
13450,Griffith,New South Wales,-34.334497,146.008117,1639.1732
13550,Gunnedah,New South Wales,-31.023747,150.203659,4987.0295
13660,Gwydir,New South Wales,-29.498174,150.537915,9259.6544
13800,Hawkesbury,New South Wales,-33.340697,150.828649,2775.1378
13850,Hay,New South Wales,-34.157184,144.89033,11325.9324
13910,Hilltops,New South Wales,-34.415619,148.563434,7140.8865
14000,Hornsby,New South Wales,-33.572461,151.072083,455.0374
14100,Hunters Hill,New South Wales,-33.829839,151.136046,5.7169
14170,Inner West,New South Wales,-33.889973,151.14541,35.2115
14220,Inverell,New South Wales,-29.435422,151.175413,9404.7564
14300,Junee,New South Wales,-34.815134,147.672668,2030.0222
14350,Kempsey,New South Wales,-30.905539,152.522789,3375.6704
14400,Kiama,New South Wales,-34.695815,150.795125,257.6638
14500,Ku-ring-gai,New South Wales,-33.727013,151.149154,85.4093
14550,Kyogle,New South Wales,-28.646586,152.744295,3584.1829
14600,Lachlan,New South Wales,-32.795343,147.121301,14968.2539
14650,Lake Macquarie,New South Wales,-33.037554,151.483427,648.6393
14700,Lane Cove,New South Wales,-33.823198,151.169683,10.4789
14750,Leeton,New South Wales,-34.53018,146.29422,1167.1876
14850,Lismore,New South Wales,-28.79352,153.267157,1287.7042
14870,Lithgow,New South Wales,-33.320175,150.195096,4512.2561
14900,Liverpool,New South Wales,-33.952511,150.898764,305.7401
14920,Liverpool Plains,New South Wales,-31.470038,150.39427,5082.2398
14950,Lockhart,New South Wales,-35.321952,146.810395,2895.8049
15050,Maitland,New South Wales,-32.707998,151.526739,391.5089
15240,Mid-Coast,New South Wales,-32.072128,152.044671,10053.8633
15270,Mid-Western Regional,New South Wales,-32.602278,149.735812,8752.2589
15300,Moree Plains,New South Wales,-29.321321,149.45962,17902.7033
15350,Mosman,New South Wales,-33.828455,151.247647,8.6503
15520,Murray River,New South Wales,-35.230353,144.005435,11863.0162
15560,Murrumbidgee,New South Wales,-35.010286,145.81257,6880.7902
15650,Muswellbrook,New South Wales,-32.488032,150.516397,3404.8841
15700,Nambucca Valley,New South Wales,-30.708384,152.779519,1491.3431
15750,Narrabri,New South Wales,-30.327768,149.557163,13014.9937
15800,Narrandera,New South Wales,-34.592088,146.700119,4116.3458
15850,Narromine,New South Wales,-32.231656,147.952839,5261.5165
15900,Newcastle,New South Wales,-32.876266,151.666343,186.7255
15950,North Sydney,New South Wales,-33.834232,151.209238,10.491
15990,Northern Beaches,New South Wales,-33.69788,151.243584,254.2072
16100,Oberon,New South Wales,-33.845238,149.832276,3625.047
16150,Orange,New South Wales,-33.32925,149.108127,284.2159
16200,Parkes,New South Wales,-32.822526,147.976139,5957.6137
16260,Parramatta,New South Wales,-33.807664,151.022385,83.8303
16350,Penrith,New South Wales,-33.747705,150.714849,404.7021
16380,Port Macquarie-Hastings,New South Wales,-31.42132,152.489092,3682.3915
16400,Port Stephens,New South Wales,-32.728534,151.817607,858.4357
16490,Queanbeyan-Palerang Regional,New South Wales,-35.455566,149.570255,5319.0075
16550,Randwick,New South Wales,-33.945678,151.24278,36.331
16610,Richmond Valley,New South Wales,-29.026909,152.986884,3047.3748
16700,Ryde,New South Wales,-33.801534,151.10437,40.4746
16900,Shellharbour,New South Wales,-34.59044,150.772202,147.4208
16950,Shoalhaven,New South Wales,-35.141626,150.391727,4567.2011
17000,Singleton,New South Wales,-32.602343,151.113294,4892.7168
17040,Snowy Monaro Regional,New South Wales,-36.421111,148.893218,15164.7904
17080,Snowy Valleys,New South Wales,-35.943005,148.093866,8958.9215
17100,Strathfield,New South Wales,-33.879784,151.078502,14.0008
17150,Sutherland Shire,New South Wales,-34.072002,150.997764,333.5806
17200,Sydney,New South Wales,-33.888852,151.204914,26.6762
17310,Tamworth Regional,New South Wales,-30.922011,150.90991,9884.3505
17350,Temora,New South Wales,-34.38303,147.468596,2802.0159
17400,Tenterfield,New South Wales,-28.838557,152.280779,7324.3072
17420,The Hills Shire,New South Wales,-33.576228,150.970704,386.1583
17550,Tweed,New South Wales,-28.34953,153.344386,1307.7853
19399,Unincorporated NSW,New South Wales,-31.152911,141.878085,93208.9194
17620,Upper Hunter Shire,New South Wales,-31.981237,150.647068,8096.0889
17640,Upper Lachlan Shire,New South Wales,-34.418664,149.584949,7127.3957
17650,Uralla,New South Wales,-30.485434,151.302199,3226.5327
17750,Wagga Wagga,New South Wales,-35.1862,147.462861,4824.4888
17850,Walcha,New South Wales,-31.197543,151.749059,6261.0243
17900,Walgett,New South Wales,-29.788316,148.23891,22308.2528
17950,Warren,New South Wales,-31.295587,147.80521,10753.7672
18020,Warrumbungle Shire,New South Wales,-31.455092,149.463316,12372.12
18050,Waverley,New South Wales,-33.884095,151.276896,9.3506
18100,Weddin,New South Wales,-33.87844,147.975696,3414.8566
18200,Wentworth,New South Wales,-33.659257,142.012819,26255.9338
18250,Willoughby,New South Wales,-33.801662,151.183233,22.4257
18350,Wingecarribee,New South Wales,-34.490777,150.366931,2689.3415
18400,Wollondilly,New South Wales,-34.069675,150.402958,2555.4341
18450,Wollongong,New South Wales,-34.341854,150.833785,684.3076
18500,Woollahra,New South Wales,-33.86178,151.273287,12.2584
18710,Yass Valley,New South Wales,-34.926586,148.941272,3995.017
70200,Alice Springs,Northern Territory,-23.729354,133.855389,327.7132
70420,Barkly,Northern Territory,-19.557568,135.01012,322710.4145
70540,Belyuen,Northern Territory,-12.537356,130.683192,41.4054
70620,Central Desert,Northern Territory,-21.047703,130.878088,281338.022
70700,Coomalie,Northern Territory,-13.152464,131.050054,2056.0547
71000,Darwin,Northern Territory,-12.399753,130.892457,111.2614
71150,Darwin Waterfront Precinct,Northern Territory,-12.46847,130.847604,0.7447
71300,East Arnhem,Northern Territory,-13.099468,135.648077,33309.9334
72200,Katherine,Northern Territory,-14.650861,132.169724,7416.6444
72300,Litchfield,Northern Territory,-12.502261,131.195697,2903.3391
72330,MacDonnell,Northern Territory,-24.609643,133.499707,268339.0281
72800,Palmerston,Northern Territory,-12.496208,130.980145,52.6559
73600,Roper Gulf,Northern Territory,-15.305647,134.056888,185213.4546
74050,Tiwi Islands,Northern Territory,-11.552186,130.972254,7483.1661
79399,Unincorporated NT,Northern Territory,-13.144299,131.646219,19792.8884
74550,Victoria Daly,Northern Territory,-15.899869,130.546044,153287.3722
74560,Wagait,Northern Territory,-12.45257,130.75148,5.6628
74660,West Arnhem,Northern Territory,-12.418741,133.41627,49675.0342
74680,West Daly,Northern Territory,-14.086665,130.003595,14069.698
51710,Christmas Island,Other Territories,-10.491367,105.616925,136.1356
51860,Cocos Islands,Other Territories,-12.077274,96.839599,13.7258
99399,Unincorp. Other Territories,Other Territories,-35.159376,150.682291,105.8806
30250,Aurukun,Queensland,-13.60359,141.769445,7423.9891
30300,Balonne,Queensland,-28.285273,147.943537,31104.0851
30370,Banana,Queensland,-24.805379,150.104066,28550.1626
30410,Barcaldine,Queensland,-23.052108,145.820902,53382.654
30450,Barcoo,Queensland,-25.175259,142.532156,61830.1679
30760,Blackall Tambo,Queensland,-24.785356,145.797816,30537.248
30900,Boulia,Queensland,-22.278755,138.744123,60906.4695
31000,Brisbane,Queensland,-27.440586,152.89731,1342.7173
31750,Bulloo,Queensland,-27.826103,142.648888,73722.0101
31820,Bundaberg,Queensland,-24.972525,152.011849,6431.0889
31900,Burdekin,Queensland,-19.849312,147.217049,5043.9318
31950,Burke,Queensland,-18.066234,138.907553,39681.2234
32080,Cairns,Queensland,-17.105402,145.765794,1689.3227
32250,Carpentaria,Queensland,-17.322747,141.599542,64121.0123
32260,Cassowary Coast,Queensland,-17.967749,145.87488,4687.824
32270,Central Highlands (Qld),Queensland,-24.063083,148.308681,59834.8359
32310,Charters Towers,Queensland,-20.208948,145.974119,68382.1644
32330,Cherbourg,Queensland,-26.287485,151.929142,31.6002
32450,Cloncurry,Queensland,-20.698471,140.346285,47971.2595
32500,Cook,Queensland,-13.682458,142.761734,105717.7521
32600,Croydon,Queensland,-18.513623,141.967023,29497.9025
32750,Diamantina,Queensland,-24.576173,139.68258,94722.429
32770,Doomadgee,Queensland,-17.640184,138.745818,1827.6518
32810,Douglas,Queensland,-16.309642,145.289065,2427.8626
33100,Etheridge,Queensland,-18.56308,143.721674,39199.2956
33200,Flinders (Qld),Queensland,-20.866814,144.252192,41199.9375
33220,Fraser Coast,Queensland,-25.583594,152.516004,7104.5984
33360,Gladstone,Queensland,-24.16787,151.310222,10484.2861
33430,Gold Coast,Queensland,-27.978436,153.322043,1333.386
33610,Goondiwindi,Queensland,-28.463355,150.288429,19265.7098
33620,Gympie,Queensland,-26.17743,152.478999,6883.9781
33800,Hinchinbrook,Queensland,-18.660478,146.066982,2807.1889
33830,Hope Vale,Queensland,-15.136988,145.207273,1111.7099
33960,Ipswich,Queensland,-27.677524,152.670675,1093.8562
33980,Isaac,Queensland,-22.243106,147.82612,58707.9192
34420,Kowanyama,Queensland,-15.274233,141.818177,2555.3325
34530,Livingstone,Queensland,-22.821609,150.11664,11757.8686
34570,Lockhart River,Queensland,-13.021711,143.213076,3576.6839
34580,Lockyer Valley,Queensland,-27.680918,152.19954,2269.0054
34590,Logan,Queensland,-27.762807,153.00275,958.1333
34710,Longreach,Queensland,-23.875174,143.913113,40572.2442
34770,Mackay,Queensland,-21.160354,148.752676,7613.2963
34830,Mapoon,Queensland,-12.098058,141.8552,537.2366
34860,Maranoa,Queensland,-26.396152,148.538096,58719.3449
34880,Mareeba,Queensland,-17.129352,143.924224,53491.0502
34800,McKinlay,Queensland,-20.595314,141.71192,40736.7989
35010,Moreton Bay,Queensland,-27.107327,152.902692,2041.4737
35250,Mornington,Queensland,-16.563073,139.339888,1247.6932
35300,Mount Isa,Queensland,-19.75906,138.761258,43715.1975
35600,Murweh,Queensland,-26.135623,146.369031,40699.7586
35670,Napranum,Queensland,-12.537624,142.268544,2004.3468
35740,Noosa,Queensland,-26.318168,152.930828,869.8657
35760,North Burnett,Queensland,-25.244343,151.173083,19669.8489
35780,Northern Peninsula Area,Queensland,-10.975784,142.310871,1052.0676
35790,Palm Island,Queensland,-18.726405,146.605854,71.9928
35800,Paroo,Queensland,-27.988514,145.852682,47614.9225
36070,Pormpuraaw,Queensland,-14.650716,141.789441,4395.3654
36150,Quilpie,Queensland,-26.149351,143.754955,67414.6563
36250,Redland,Queensland,-27.586053,153.244743,537.1672
36300,Richmond,Queensland,-20.569948,142.9277,26580.748
36370,Rockhampton,Queensland,-23.417166,150.168151,6570.2667
36510,Scenic Rim,Queensland,-28.040204,152.810611,4243.0014
36580,Somerset,Queensland,-27.011519,152.447169,5373.4335
36630,South Burnett,Queensland,-26.400777,151.622359,8381.558
36660,Southern Downs,Queensland,-28.501919,151.842467,7106.436
36720,Sunshine Coast,Queensland,-26.707821,152.850878,2253.8522
36820,Tablelands,Queensland,-17.833564,145.275327,11292.8695
36910,Toowoomba,Queensland,-27.479309,151.520535,12957.2103
36950,Torres,Queensland,-10.682445,142.188682,883.7402
36960,Torres Strait Island,Queensland,-9.396834,142.681722,490.0453
37010,Townsville,Queensland,-19.351971,146.768015,3730.8199
37300,Weipa,Queensland,-12.634327,141.876452,10.4643
37310,Western Downs,Queensland,-26.806544,150.559008,37922.5007
37340,Whitsunday,Queensland,-20.697762,147.708043,23818.9729
37400,Winton,Queensland,-22.508099,142.352196,53813.4826
37550,Woorabinda,Queensland,-23.48176,149.684079,390.5578
37570,Wujal Wujal,Queensland,-15.965877,145.317763,11.842
37600,Yarrabah,Queensland,-17.01727,145.874568,158.8381
40070,Adelaide,South Australia,-34.920387,138.597083,15.5733
40120,Adelaide Hills,South Australia,-34.901093,138.829396,794.4957
40150,Adelaide Plains,South Australia,-34.510446,138.470988,932.4913
40220,Alexandrina,South Australia,-35.337602,138.834671,1826.8067
40250,Anangu Pitjantjatjara Yunkunytjatjara,South Australia,-27.035959,131.204333,102348.117
40310,Barossa,South Australia,-34.613484,138.938487,893.5424
40430,Barunga West,South Australia,-33.795304,137.899215,1590.3887
40520,Berri Barmera,South Australia,-34.286721,140.50136,476.1962
40700,Burnside,South Australia,-34.944314,138.647,27.5183
40910,Campbelltown (SA),South Australia,-34.885417,138.679391,24.3485
41010,Ceduna,South Australia,-32.147327,134.098149,5420.3435
41060,Charles Sturt,South Australia,-34.900564,138.537244,54.7876
41140,Clare and Gilbert Valleys,South Australia,-34.01487,138.772841,1892.4466
41190,Cleve,South Australia,-33.65768,136.28898,5018.8483
41330,Coober Pedy,South Australia,-29.016387,134.756981,77.6795
47800,Coorong,South Australia,-35.718419,139.761906,8833.4339
41560,Copper Coast,South Australia,-33.942639,137.732555,772.9149
41750,Elliston,South Australia,-33.537183,135.385217,6741.9317
41830,Flinders Ranges,South Australia,-32.129211,138.215632,4070.4827
41960,Franklin Harbour,South Australia,-33.60166,136.962469,2755.5639
42030,Gawler,South Australia,-34.621508,138.719718,41.1379
42110,Goyder,South Australia,-33.718979,139.037219,6715.1418
42250,Grant,South Australia,-37.835847,140.58668,1897.8235
42600,Holdfast Bay,South Australia,-35.00225,138.521042,13.752
42750,Kangaroo Island,South Australia,-35.818042,137.156513,4400.863
43080,Karoonda East Murray,South Australia,-34.943267,140.024847,4415.796
43220,Kimba,South Australia,-32.969971,136.081576,5697.1074
43360,Kingston (SA),South Australia,-36.640888,140.140329,3339.7952
43650,Light,South Australia,-34.409788,138.83214,1276.8453
43710,Lower Eyre Peninsula,South Australia,-34.47244,135.583587,4721.3922
43790,Loxton Waikerie,South Australia,-34.47567,140.28274,7763.8714
44000,Maralinga Tjarutja,South Australia,-29.242811,130.999671,105766.3105
44060,Marion,South Australia,-35.025826,138.546191,55.6406
44210,Mid Murray,South Australia,-34.415603,139.36124,6271.6255
44340,Mitcham,South Australia,-35.006628,138.626605,75.5468
44550,Mount Barker,South Australia,-35.069008,138.894849,594.6406
44620,Mount Gambier,South Australia,-37.825138,140.782101,33.8938
44830,Mount Remarkable,South Australia,-32.72053,138.191062,3422.7733
45040,Murray Bridge,South Australia,-35.200844,139.217888,1831.7597
45090,Naracoorte Lucindale,South Australia,-36.984476,140.527949,4519.715
45120,Northern Areas,South Australia,-33.301831,138.522213,2986.1818
45290,Norwood Payneham and St Peters,South Australia,-34.90795,138.636113,15.1036
45340,Onkaparinga,South Australia,-35.186855,138.582875,518.1255
45400,Orroroo Carrieton,South Australia,-32.542448,138.664996,3321.8239
45540,Peterborough,South Australia,-32.844099,139.036968,3020.142
45680,Playford,South Australia,-34.69416,138.730935,345.2038
45890,Port Adelaide Enfield,South Australia,-34.826257,138.536128,91.7588
46090,Port Augusta,South Australia,-32.615984,137.691488,1157.9905
46300,Port Lincoln,South Australia,-34.728592,135.856012,30.3681
46450,Port Pirie,South Australia,-33.365152,138.074465,1760.7097
46510,Prospect,South Australia,-34.884654,138.601373,7.7915
46670,Renmark Paringa,South Australia,-34.143075,140.872114,916.442
46860,Robe,South Australia,-37.186144,139.995232,1091.7162
46970,Roxby Downs,South Australia,-30.55729,136.881493,110.4778
47140,Salisbury,South Australia,-34.768482,138.616381,159.8432
47290,Southern Mallee,South Australia,-35.367553,140.521208,5702.2024
47490,Streaky Bay,South Australia,-32.738141,134.61602,6222.8591
47630,Tatiara,South Australia,-36.204187,140.506271,6527.2342
47700,Tea Tree Gully,South Australia,-34.801648,138.715033,95.2109
47910,Tumby Bay,South Australia,-34.196984,136.038653,2669.0794
49399,Unincorporated SA,South Australia,-30.129838,137.000909,619426.0858
47980,Unley,South Australia,-34.953807,138.604039,14.2703
48050,Victor Harbor,South Australia,-35.516155,138.562433,384.6255
48130,Wakefield,South Australia,-34.000234,138.36426,3468.4879
48260,Walkerville,South Australia,-34.894393,138.611845,3.53
48340,Wattle Range,South Australia,-37.508186,140.530186,3926.2101
48410,West Torrens,South Australia,-34.942509,138.545287,37.0886
48540,Whyalla,South Australia,-33.045469,137.429205,1071.3397
48640,Wudinna,South Australia,-32.978526,135.236916,5075.2783
48750,Yankalilla,South Australia,-35.493287,138.364693,751.2577
48830,Yorke Peninsula,South Australia,-34.692593,137.685347,5899.6397
60210,Break O'Day,Tasmania,-41.391027,147.945121,3523.8858
60410,Brighton,Tasmania,-42.726703,147.286139,171.1508
60610,Burnie,Tasmania,-41.19648,145.812415,610.9528
60810,Central Coast (Tas.),Tasmania,-41.269938,146.07571,933.0891
61010,Central Highlands (Tas.),Tasmania,-42.196015,146.672709,7982.4155
61210,Circular Head,Tasmania,-41.154537,145.032313,4897.6511
61410,Clarence,Tasmania,-42.862829,147.428354,377.9614
61510,Derwent Valley,Tasmania,-42.803089,146.544217,4108.1113
61610,Devonport,Tasmania,-41.212944,146.298784,111.259
61810,Dorset,Tasmania,-41.059173,147.657906,3230.5456
62010,Flinders (Tas.),Tasmania,-40.391814,148.217719,1996.6244
62210,George Town,Tasmania,-41.119783,147.002958,653.4308
62410,Glamorgan-Spring Bay,Tasmania,-42.274506,147.925235,2591.591
62610,Glenorchy,Tasmania,-42.831853,147.231885,121.1632
62810,Hobart,Tasmania,-42.893848,147.272078,77.8965
63010,Huon Valley,Tasmania,-43.245179,146.510576,5507.3541
63210,Kentish,Tasmania,-41.463412,146.161891,1156.1888
63410,King Island,Tasmania,-39.868608,143.978584,1095.7407
63610,Kingborough,Tasmania,-43.090256,147.238624,720.1093
63810,Latrobe (Tas.),Tasmania,-41.235217,146.4765,600.4619
64010,Launceston,Tasmania,-41.321005,147.28458,1413.6306
64210,Meander Valley,Tasmania,-41.649493,146.464153,3330.8146
64610,Northern Midlands,Tasmania,-41.879849,147.436289,5135.2505
64810,Sorell,Tasmania,-42.788295,147.734407,583.7723
65010,Southern Midlands,Tasmania,-42.418184,147.460238,2615.4935
65210,Tasman,Tasmania,-43.042282,147.687248,660.3947
65410,Waratah-Wynyard,Tasmania,-41.318532,145.424064,3535.9075
65610,West Coast,Tasmania,-42.452416,145.891916,9583.5388
65810,West Tamar,Tasmania,-41.264467,146.858604,691.1537
20110,Alpine,Victoria,-36.834031,146.987431,4788.157
20260,Ararat,Victoria,-37.489111,142.796911,4211.1172
20570,Ballarat,Victoria,-37.518877,143.767737,739.0321
20660,Banyule,Victoria,-37.733826,145.086854,62.5402
20740,Bass Coast,Victoria,-38.485044,145.553987,865.8094
20830,Baw Baw,Victoria,-37.970017,146.106918,4027.6287
20910,Bayside (Vic.),Victoria,-37.939704,145.017783,37.2111
21010,Benalla,Victoria,-36.590388,146.031765,2352.6398
21110,Boroondara,Victoria,-37.826408,145.061201,60.1776
21180,Brimbank,Victoria,-37.742819,144.805403,123.3991
21270,Buloke,Victoria,-35.846452,142.992668,7998.247
21370,Campaspe,Victoria,-36.323217,144.716031,4519.073
21450,Cardinia,Victoria,-38.095082,145.5677,1282.5671
21610,Casey,Victoria,-38.095159,145.313461,409.4287
21670,Central Goldfields,Victoria,-36.978834,143.705998,1532.7843
21750,Colac Otway,Victoria,-38.439543,143.556896,3437.47
21830,Corangamite,Victoria,-38.215971,143.127406,4407.492
21890,Darebin,Victoria,-37.738203,145.006947,53.4712
22110,East Gippsland,Victoria,-37.347903,148.509499,20939.5016
22170,Frankston,Victoria,-38.134001,145.174759,129.5981
22250,Gannawarra,Victoria,-35.732088,143.800446,3737.5979
22310,Glen Eira,Victoria,-37.89921,145.04104,38.6908
22410,Glenelg,Victoria,-37.891014,141.350292,6218.7884
22490,Golden Plains,Victoria,-37.852426,143.839006,2703.3899
22620,Greater Bendigo,Victoria,-36.722778,144.29043,2999.9717
22670,Greater Dandenong,Victoria,-38.001044,145.186536,129.5466
22750,Greater Geelong,Victoria,-38.05175,144.38739,1247.9872
22830,Greater Shepparton,Victoria,-36.426963,145.378161,2421.9092
22910,Hepburn,Victoria,-37.31624,144.00233,1472.9843
22980,Hindmarsh,Victoria,-36.028461,141.712466,7524.1823
23110,Hobsons Bay,Victoria,-37.85706,144.836603,64.2405
23190,Horsham,Victoria,-36.828399,142.108853,4266.769
23270,Hume,Victoria,-37.597208,144.823595,503.8488
23350,Indigo,Victoria,-36.208786,146.660926,2040.471
23430,Kingston (Vic.),Victoria,-38.004547,145.110914,91.3676
23670,Knox,Victoria,-37.898945,145.265781,113.9114
23810,Latrobe (Vic.),Victoria,-38.253918,146.454788,1425.613
23940,Loddon,Victoria,-36.397979,143.894662,6696.4447
24130,Macedon Ranges,Victoria,-37.333331,144.634645,1748.284
24210,Manningham,Victoria,-37.757093,145.18528,113.3479
24250,Mansfield,Victoria,-37.241257,146.312817,3843.8535
24330,Maribyrnong,Victoria,-37.791468,144.87431,31.2258
24410,Maroondah,Victoria,-37.802871,145.261494,61.4097
24600,Melbourne,Victoria,-37.813169,144.948133,37.5452
24650,Melton,Victoria,-37.681382,144.635965,527.5374
24780,Mildura,Victoria,-34.865359,141.800614,22081.9206
24850,Mitchell,Victoria,-37.174663,144.976463,2862.0837
24900,Moira,Victoria,-36.050509,145.580921,4045.9201
24970,Monash,Victoria,-37.896734,145.141221,81.4829
25060,Moonee Valley,Victoria,-37.749421,144.887461,43.1384
25150,Moorabool,Victoria,-37.633283,144.216625,2110.5504
25250,Moreland,Victoria,-37.735428,144.955812,50.9522
25340,Mornington Peninsula,Victoria,-38.330859,145.082208,723.992
25430,Mount Alexander,Victoria,-37.07618,144.275187,1529.6183
25490,Moyne,Victoria,-38.187535,142.372006,5481.686
25620,Murrindindi,Victoria,-37.280975,145.607542,3879.7505
25710,Nillumbik,Victoria,-37.614891,145.244986,432.3373
25810,Northern Grampians,Victoria,-36.849604,143.022679,5729.8765
25900,Port Phillip,Victoria,-37.858739,144.983389,20.6141
25990,Pyrenees,Victoria,-37.327378,143.424017,3434.5687
26080,Queenscliffe,Victoria,-38.250942,144.676839,8.6166
26170,South Gippsland,Victoria,-38.698964,146.01669,3296.3307
26260,Southern Grampians,Victoria,-37.530301,141.958046,6654.0186
26350,Stonnington,Victoria,-37.861372,145.039144,25.651
26430,Strathbogie,Victoria,-36.724236,145.374315,3303.2568
26490,Surf Coast,Victoria,-38.339932,144.097389,1552.944
26610,Swan Hill,Victoria,-35.100563,143.021211,6115.5373
26670,Towong,Victoria,-36.365876,147.602587,6675.1725
29399,Unincorporated Vic,Victoria,-38.351075,145.388674,283.1903
26700,Wangaratta,Victoria,-36.616185,146.431837,3645.1096
26730,Warrnambool,Victoria,-38.378139,142.502507,120.9487
26810,Wellington,Victoria,-37.911725,146.880289,10817.4231
26890,West Wimmera,Victoria,-36.601336,141.399574,9108.6794
26980,Whitehorse,Victoria,-37.828525,145.156442,64.2801
27070,Whittlesea,Victoria,-37.55081,145.062036,489.6938
27170,Wodonga,Victoria,-36.145097,146.910833,433.0021
27260,Wyndham,Victoria,-37.892758,144.629501,542.0943
27350,Yarra,Victoria,-37.804893,144.986584,19.5421
27450,Yarra Ranges,Victoria,-37.749997,145.723963,2468.2052
27630,Yarriambiack,Victoria,-36.028412,142.388497,7325.797
50080,Albany,Western Australia,-34.70989,118.259561,4308.458
50210,Armadale,Western Australia,-32.179113,116.106557,559.5258
50250,Ashburton,Western Australia,-22.525224,116.824743,100817.3112
50280,Augusta Margaret River,Western Australia,-34.090917,115.198633,2122.375
50350,Bassendean,Western Australia,-31.90582,115.944604,10.3449
50420,Bayswater,Western Australia,-31.908839,115.903845,34.6169
50490,Belmont,Western Australia,-31.954175,115.942461,39.8246
50560,Beverley,Western Australia,-32.158275,116.761605,2370.5195
50630,Boddington,Western Australia,-32.792156,116.42094,1904.4791
50770,Boyup Brook,Western Australia,-33.884133,116.519761,2826.4585
50840,Bridgetown-Greenbushes,Western Australia,-33.992529,116.161286,1337.361
50910,Brookton,Western Australia,-32.355312,117.048428,1601.1532
50980,Broome,Western Australia,-18.214537,122.677572,54401.8236
51080,Broomehill-Tambellup,Western Australia,-34.012799,117.622945,2609.6612
51120,Bruce Rock,Western Australia,-31.965049,118.002186,2724.6944
51190,Bunbury,Western Australia,-33.354781,115.666529,65.4163
51260,Busselton,Western Australia,-33.684713,115.362833,1454.0509
51310,Cambridge,Western Australia,-31.935397,115.796252,21.9555
51330,Canning,Western Australia,-32.049112,115.90222,64.8791
51400,Capel,Western Australia,-33.526913,115.629797,557.8983
51470,Carnamah,Western Australia,-29.730979,115.966791,2870.9316
51540,Carnarvon,Western Australia,-24.465488,114.196449,46574.705
51610,Chapman Valley,Western Australia,-28.27042,115.11689,3981.3333
51680,Chittering,Western Australia,-31.357873,116.066324,1219.9032
51750,Claremont,Western Australia,-31.981015,115.779167,4.9554
51820,Cockburn,Western Australia,-32.127628,115.830362,167.9415
51890,Collie,Western Australia,-33.265865,116.170907,1709.815
51960,Coolgardie,Western Australia,-31.00808,120.769132,30297.6977
52030,Coorow,Western Australia,-29.978779,115.659786,4189.8721
52100,Corrigin,Western Australia,-32.37521,117.800173,2681.271
52170,Cottesloe,Western Australia,-31.99902,115.75676,3.8564
52240,Cranbrook,Western Australia,-34.336853,117.343285,3276.0464
52310,Cuballing,Western Australia,-32.740259,117.146373,1195.3369
52380,Cue,Western Australia,-27.214071,117.95465,13582.1956
52450,Cunderdin,Western Australia,-31.609789,117.127255,1862.4457
52520,Dalwallinu,Western Australia,-30.129961,116.945566,7224.3566
52590,Dandaragan,Western Australia,-30.541257,115.489029,6711.5721
52660,Dardanup,Western Australia,-33.41608,115.855133,525.8017
52730,Denmark,Western Australia,-34.908805,117.136162,1859.8487
52800,Derby-West Kimberley,Western Australia,-17.674179,124.694049,119730.9696
52870,Donnybrook-Balingup,Western Australia,-33.702246,115.997114,1559.856
52940,Dowerin,Western Australia,-31.1134,117.088087,1863.0851
53010,Dumbleyung,Western Australia,-33.217989,117.957982,2539.2249
53080,Dundas,Western Australia,-32.125967,123.885783,92886.3668
53150,East Fremantle,Western Australia,-32.036554,115.769113,3.1384
53220,East Pilbara,Western Australia,-21.617338,124.061421,372295.6721
53290,Esperance,Western Australia,-33.293977,122.415429,44797.5456
53360,Exmouth,Western Australia,-22.398517,113.944681,6488.2097
53430,Fremantle,Western Australia,-32.061641,115.775562,19.2892
53570,Gingin,Western Australia,-31.184348,115.725495,3208.3585
53640,Gnowangerup,Western Australia,-34.084759,118.320753,4265.0423
53710,Goomalling,Western Australia,-31.237179,116.787103,1835.4294
53780,Gosnells,Western Australia,-32.067462,115.997751,127.2976
53800,Greater Geraldton,Western Australia,-28.439702,115.756599,9909.0002
53920,Halls Creek,Western Australia,-19.001398,127.580216,133045.9733
53990,Harvey,Western Australia,-33.150375,115.916047,1727.607
54060,Irwin,Western Australia,-29.340736,115.10139,2369.3298
54130,Jerramungup,Western Australia,-34.024253,119.076017,6511.1803
54170,Joondalup,Western Australia,-31.779727,115.764767,98.942
54200,Kalamunda,Western Australia,-32.003975,116.102153,324.2958
54280,Kalgoorlie-Boulder,Western Australia,-30.789365,125.173813,95500.292
54310,Karratha,Western Australia,-21.123869,116.958382,15238.2934
54340,Katanning,Western Australia,-33.624892,117.704325,1518.1854
54410,Kellerberrin,Western Australia,-31.576965,117.816994,1915.433
54480,Kent,Western Australia,-33.532201,118.538258,5624.5818
54550,Kojonup,Western Australia,-33.92539,117.055502,2930.9925
54620,Kondinin,Western Australia,-32.483978,119.024742,7440.8016
54690,Koorda,Western Australia,-30.59246,117.424493,2832.313
54760,Kulin,Western Australia,-32.765774,118.231576,4718.9219
54830,Kwinana,Western Australia,-32.233829,115.821726,120.0123
54900,Lake Grace,Western Australia,-33.127474,119.161257,11886.3198
54970,Laverton,Western Australia,-27.92631,125.444902,179993.971
55040,Leonora,Western Australia,-28.385286,121.003003,31915.0562
55110,Mandurah,Western Australia,-32.515242,115.75459,174.8968
55180,Manjimup,Western Australia,-34.593825,116.302423,7029.6076
55250,Meekatharra,Western Australia,-25.300721,118.930362,100188.5478
55320,Melville,Western Australia,-32.043482,115.818035,52.8505
55390,Menzies,Western Australia,-29.371616,125.685833,124115.424
55460,Merredin,Western Australia,-31.459127,118.276121,3293.7824
55530,Mingenew,Western Australia,-29.143429,115.469067,1934.8857
55600,Moora,Western Australia,-30.51667,116.206601,3763.0254
55670,Morawa,Western Australia,-29.033301,116.026735,3510.5929
55740,Mosman Park,Western Australia,-32.014085,115.766044,4.3472
55810,Mount Magnet,Western Australia,-28.275538,117.957222,13858.1182
55880,Mount Marshall,Western Australia,-30.306319,117.876578,10184.5937
55950,Mukinbudin,Western Australia,-30.631251,118.29501,3426.944
56090,Mundaring,Western Australia,-31.884455,116.193921,643.2012
56160,Murchison,Western Australia,-27.07447,116.302973,45046.0922
56230,Murray,Western Australia,-32.623864,116.018212,1703.4688
56300,Nannup,Western Australia,-34.134452,115.672745,3053.9361
56370,Narembeen,Western Australia,-32.018237,118.734918,3809.0285
56460,Narrogin,Western Australia,-32.998439,117.273054,1631.3024
56580,Nedlands,Western Australia,-31.974626,115.802423,19.6449
56620,Ngaanyatjarraku,Western Australia,-24.915275,126.834298,159815.9632
56730,Northam,Western Australia,-31.699149,116.664861,1431.2215
56790,Northampton,Western Australia,-27.828183,114.685071,12543.7142
56860,Nungarin,Western Australia,-31.136989,118.25259,1166.0245
56930,Peppermint Grove,Western Australia,-31.998891,115.766617,1.0677
57000,Perenjori,Western Australia,-29.401138,116.473477,8301.3551
57080,Perth,Western Australia,-31.965774,115.827071,13.7335
57140,Pingelly,Western Australia,-32.531587,117.217804,1294.5721
57210,Plantagenet,Western Australia,-34.625138,117.512024,4876.682
57280,Port Hedland,Western Australia,-20.966523,118.450557,18417.0777
57350,Quairading,Western Australia,-32.015312,117.449556,2016.9268
57420,Ravensthorpe,Western Australia,-33.683813,120.161479,9841.7504
57490,Rockingham,Western Australia,-32.35367,115.796744,257.4979
57630,Sandstone,Western Australia,-28.407743,119.24653,32605.2912
57700,Serpentine-Jarrahdale,Western Australia,-32.325054,116.046449,901.2054
57770,Shark Bay,Western Australia,-26.403652,114.783555,24201.5491
57840,South Perth,Western Australia,-31.998909,115.870523,19.8114
57910,Stirling,Western Australia,-31.890282,115.823143,104.7273
57980,Subiaco,Western Australia,-31.953287,115.817734,5.6182
58050,Swan,Western Australia,-31.766365,116.082324,1042.9936
58190,Tammin,Western Australia,-31.603542,117.477669,1101.692
58260,Three Springs,Western Australia,-29.509974,115.635844,2656.6928
58330,Toodyay,Western Australia,-31.468714,116.382318,1691.6485
58400,Trayning,Western Australia,-31.168274,117.803387,1651.2043
58470,Upper Gascoyne,Western Australia,-24.745178,116.527317,57809.8737
58510,Victoria Park,Western Australia,-31.976666,115.904992,17.9396
58540,Victoria Plains,Western Australia,-31.016066,116.276366,2551.0132
58570,Vincent,Western Australia,-31.931425,115.852184,11.3771
58610,Wagin,Western Australia,-33.277894,117.378868,1946.1763
58680,Wandering,Western Australia,-32.525637,116.624994,1903.8645
58760,Wanneroo,Western Australia,-31.652828,115.784352,683.2602
58820,Waroona,Western Australia,-32.849164,115.908493,832.2285
58890,West Arthur,Western Australia,-33.439265,116.739295,2831.8272
59030,Westonia,Western Australia,-30.876277,118.718147,3319.4496
59100,Wickepin,Western Australia,-32.820913,117.652865,2040.8985
59170,Williams,Western Australia,-33.052177,116.786535,2304.7119
59250,Wiluna,Western Australia,-25.384161,122.376956,181297.3382
59310,Wongan-Ballidu,Western Australia,-30.731458,116.847462,3365.0675
59320,Woodanilling,Western Australia,-33.51994,117.310969,1128.8348
59330,Wyalkatchem,Western Australia,-31.196397,117.433264,1594.4884
59340,Wyndham-East Kimberley,Western Australia,-15.538541,127.101759,112066.3217
59350,Yalgoo,Western Australia,-28.478108,116.891494,27949.4641
59360,Yilgarn,Western Australia,-30.908823,119.480066,30428.7648
59370,York,Western Australia,-31.917092,116.770784,2131.5916
