LGA_Code,LGA_Name,State,LGA_Latitude,LGA_Longitude,Original_Station_Number,Original_Station_Name,Original_Distance_KM,Final_Station_Number,Final_Station_Name,Final_Station_Latitude,Final_Station_Longitude,Final_Distance_KM,Final_Distance_Band,Fallback_Used,Fallback_Reason,Mean_Max_Temp_C,Mean_Days_Above_35C,Mean_Min_Temp_C,Mean_Days_Below_2C
89399,Unincorporated ACT,Australian Capital Territory,-35.522795,148.956278,070349,MOUNT GININI AWS,16.68,070349,MOUNT GININI AWS,-35.5293,148.7721,16.68,<=25 km,False,,11.7,0.0,3.5,148.7
10050,Albury,New South Wales,-36.015136,146.98177,072160,ALBURY AIRPORT AWS,6.24,072160,ALBURY AIRPORT AWS,-36.0662,146.953,6.24,<=25 km,False,,22.5,21.4,9.2,45.2
10180,Armidale Regional,New South Wales,-30.435493,151.954068,056037,ARMIDALE (TREE GROUP NURSERY),28.81,056037,ARMIDALE (TREE GROUP NURSERY),-30.5243,151.6716,28.81,25-50 km,False,,20.5,1.1,6.4,98.5
10250,Ballina,New South Wales,-28.852757,153.476151,058198,BALLINA AIRPORT AWS,8.25,058198,BALLINA AIRPORT AWS,-28.8353,153.5585,8.25,<=25 km,False,,24.6,1.7,14.6,1.5
10300,Balranald,New South Wales,-34.043962,143.706779,075019,HAY AIRPORT AWS,117.19,075019,HAY AIRPORT AWS,-34.5412,144.8315,117.19,>100 km,False,,25.2,46.8,10.2,40.8
10470,Bathurst Regional,New South Wales,-33.474694,149.641326,063291,BATHURST AIRPORT AWS,7.08,063291,BATHURST AIRPORT AWS,-33.4119,149.654,7.08,<=25 km,False,,20.5,6.0,6.9,82.9
10500,Bayside (NSW),New South Wales,-33.9626,151.122566,066037,SYDNEY AIRPORT AMO,4.99,066037,SYDNEY AIRPORT AMO,-33.9465,151.1731,4.99,<=25 km,False,,22.5,5.5,13.6,0.4
10550,Bega Valley,New South Wales,-36.816656,149.71157,069139,BEGA AWS,18.7,069139,BEGA AWS,-36.6722,149.8191,18.7,<=25 km,False,,21.9,5.4,8.9,52.1
10600,Bellingen,New South Wales,-30.373947,152.719223,059140,DORRIGO (OLD CORAMBA RD),3.29,059140,DORRIGO (OLD CORAMBA RD),-30.3444,152.7187,3.29,<=25 km,False,,20.0,0.5,10.1,18.9
10650,Berrigan,New South Wales,-35.751199,145.660164,081124,YARRAWONGA,45.5,081124,YARRAWONGA,-36.0294,146.0305,45.5,25-50 km,False,,23.0,27.5,9.0,45.7
10750,Blacktown,New South Wales,-33.740118,150.864755,067119,HORSLEY PARK EQUESTRIAN CENTRE AWS,12.35,067119,HORSLEY PARK EQUESTRIAN CENTRE AWS,-33.851,150.8567,12.35,<=25 km,False,,23.8,14.7,12.1,6.4
10800,Bland,New South Wales,-33.917941,147.053287,050017,WEST WYALONG AIRPORT AWS,13.38,050017,WEST WYALONG AIRPORT AWS,-33.9382,147.1962,13.38,<=25 km,False,,24.2,37.7,9.9,46.2
10850,Blayney,New South Wales,-33.616752,149.164452,063303,ORANGE AIRPORT AWS,26.91,063303,ORANGE AIRPORT AWS,-33.3768,149.1263,26.91,25-50 km,False,,18.4,2.2,6.2,94.0
10900,Blue Mountains,New South Wales,-33.635101,150.43751,063292,MOUNT BOYCE AWS,15.24,063292,MOUNT BOYCE AWS,-33.6185,150.2741,15.24,<=25 km,False,,17.2,1.0,8.2,40.3
10950,Bogan,New South Wales,-31.568695,146.88447,048027,COBAR MO,100.44,048027,COBAR MO,-31.484,145.8294,100.44,>100 km,False,,25.5,48.1,12.9,11.2
11150,Bourke,New South Wales,-29.996021,145.294034,048245,BOURKE AIRPORT AWS,63.52,048245,BOURKE AIRPORT AWS,-30.0362,145.9521,63.52,50-100 km,False,,28.3,82.0,13.5,23.4
11200,Brewarrina,New South Wales,-29.949623,146.976141,048245,BOURKE AIRPORT AWS,99.09,048245,BOURKE AIRPORT AWS,-30.0362,145.9521,99.09,50-100 km,False,,28.3,82.0,13.5,23.4
11250,Broken Hill,New South Wales,-31.951233,141.478205,046128,FOWLERS GAP AWS,98.46,046128,FOWLERS GAP AWS,-31.0863,141.7008,98.46,50-100 km,False,,26.9,67.0,13.0,19.4
11300,Burwood,New South Wales,-33.885647,151.102562,066194,CANTERBURY RACECOURSE AWS,2.44,066194,CANTERBURY RACECOURSE AWS,-33.9057,151.1134,2.44,<=25 km,False,,23.1,6.5,12.4,4.2
11350,Byron,New South Wales,-28.613297,153.47783,058216,BYRON BAY (CAPE BYRON AWS),15.7,058216,BYRON BAY (CAPE BYRON AWS),-28.6399,153.6358,15.7,<=25 km,False,,23.7,0.0,17.1,0.0
11400,Cabonne,New South Wales,-33.110842,148.902918,063254,ORANGE AGRICULTURAL INSTITUTE,28.75,063254,ORANGE AGRICULTURAL INSTITUTE,-33.3211,149.0828,28.75,25-50 km,False,,18.0,1.0,7.2,62.2
11450,Camden,New South Wales,-34.016449,150.719892,068257,CAMPBELLTOWN (MOUNT ANNAN),7.04,066161,HOLSWORTHY AERODROME AWS,-33.9925,150.9489,21.28,<=25 km,True,Original station has no accessible BOM climate statistics page,23.7,12.7,12.0,7.1
11500,Campbelltown (NSW),New South Wales,-34.074017,150.853597,068257,CAMPBELLTOWN (MOUNT ANNAN),7.51,066161,HOLSWORTHY AERODROME AWS,-33.9925,150.9489,12.62,<=25 km,True,Original station has no accessible BOM climate statistics page,23.7,12.7,12.0,7.1
11520,Canada Bay,New South Wales,-33.848533,151.097637,066212,SYDNEY OLYMPIC PARK AWS (ARCHERY CENTRE),2.89,066212,SYDNEY OLYMPIC PARK AWS (ARCHERY CENTRE),-33.8338,151.0718,2.89,<=25 km,False,,24.0,10.7,13.1,0.9
11570,Canterbury-Bankstown,New South Wales,-33.923892,151.065564,066194,CANTERBURY RACECOURSE AWS,4.86,066194,CANTERBURY RACECOURSE AWS,-33.9057,151.1134,4.86,<=25 km,False,,23.1,6.5,12.4,4.2
11600,Carrathool,New South Wales,-33.629618,145.452588,075032,HILLSTON AIRPORT,16.75,075032,HILLSTON AIRPORT,-33.4915,145.5248,16.75,<=25 km,False,,24.5,40.6,10.9,31.1
11650,Central Coast (NSW),New South Wales,-33.307172,151.266833,061375,MANGROVE MOUNTAIN AWS,5.58,061375,MANGROVE MOUNTAIN AWS,-33.2894,151.2107,5.58,<=25 km,False,,22.1,9.1,11.6,6.2
11700,Central Darling,New South Wales,-31.779066,143.596243,046012,WILCANNIA AERODROME AWS,35.12,046012,WILCANNIA AERODROME AWS,-31.5194,143.385,35.12,25-50 km,False,,27.3,75.1,12.2,27.3
11720,Cessnock,New South Wales,-32.893811,151.30098,061412,COORANBONG (LAKE MACQUARIE AWS),26.45,061412,COORANBONG (LAKE MACQUARIE AWS),-33.0887,151.4636,26.45,25-50 km,False,,23.9,9.5,11.5,15.3
11730,Clarence Valley,New South Wales,-29.694347,152.792251,058077,GRAFTON RESEARCH STN,18.12,058077,GRAFTON RESEARCH STN,-29.6224,152.9605,18.12,<=25 km,False,,25.9,13.0,13.5,2.0
11750,Cobar,New South Wales,-31.973958,145.299944,048237,COBAR AIRPORT AWS,67.41,048237,COBAR AIRPORT AWS,-31.5388,145.7964,67.41,50-100 km,False,,26.1,54.2,11.8,41.6
11800,Coffs Harbour,New South Wales,-30.172924,152.998524,059151,COFFS HARBOUR AIRPORT,19.78,059151,COFFS HARBOUR AIRPORT,-30.3189,153.1162,19.78,<=25 km,False,,24.4,1.8,14.6,2.9
12000,Coolamon,New South Wales,-34.601585,147.117649,073151,TEMORA AIRPORT,40.96,073151,TEMORA AIRPORT,-34.4277,147.5117,40.96,25-50 km,False,,23.6,32.0,8.7,74.4
12150,Coonamble,New South Wales,-30.865383,148.262309,051161,COONAMBLE AIRPORT AWS,16.77,051161,COONAMBLE AIRPORT AWS,-30.9776,148.3798,16.77,<=25 km,False,,26.5,54.5,11.8,35.4
12160,Cootamundra-Gundagai Regional,New South Wales,-34.809207,148.108823,073142,COOTAMUNDRA AIRPORT,21.01,073142,COOTAMUNDRA AIRPORT,-34.6299,148.0365,21.01,<=25 km,False,,22.4,19.7,7.8,87.9
12350,Cowra,New South Wales,-33.811451,148.694668,065111,COWRA AIRPORT AWS,4.79,065111,COWRA AIRPORT AWS,-33.8382,148.654,4.79,<=25 km,False,,23.7,28.0,8.9,61.9
12380,Cumberland,New South Wales,-33.836636,150.967037,066124,PARRAMATTA NORTH (MASONS DRIVE),6.87,066124,PARRAMATTA NORTH (MASONS DRIVE),-33.7917,151.0181,6.87,<=25 km,False,,23.4,11.1,12.3,2.1
12390,Dubbo Regional,New South Wales,-32.474507,148.836725,065034,WELLINGTON (D&J RURAL),14.54,065034,WELLINGTON (D&J RURAL),-32.5635,148.9503,14.54,<=25 km,False,,24.4,26.8,9.4,52.3
12700,Dungog,New South Wales,-32.347188,151.626249,061250,PATERSON (TOCAL AWS),31.57,061250,PATERSON (TOCAL AWS),-32.6296,151.5919,31.57,25-50 km,False,,24.2,17.5,12.1,7.0
12730,Edward River,New South Wales,-35.233719,144.984116,074258,DENILIQUIN AIRPORT AWS,36.17,074258,DENILIQUIN AIRPORT AWS,-35.5575,144.9458,36.17,25-50 km,False,,23.7,33.6,9.6,41.3
12750,Eurobodalla,New South Wales,-35.933081,149.924453,069148,MORUYA AIRPORT AWS,20.08,069148,MORUYA AIRPORT AWS,-35.9004,150.1437,20.08,<=25 km,False,,21.5,3.7,10.3,28.9
12850,Fairfield,New South Wales,-33.867425,150.889238,067119,HORSLEY PARK EQUESTRIAN CENTRE AWS,3.52,067119,HORSLEY PARK EQUESTRIAN CENTRE AWS,-33.851,150.8567,3.52,<=25 km,False,,23.8,14.7,12.1,6.4
12870,Federation,New South Wales,-35.460914,146.229463,081124,YARRAWONGA,65.71,081124,YARRAWONGA,-36.0294,146.0305,65.71,50-100 km,False,,23.0,27.5,9.0,45.7
12900,Forbes,New South Wales,-33.37767,147.953617,065103,FORBES AIRPORT AWS,3.5,065103,FORBES AIRPORT AWS,-33.3627,147.9205,3.5,<=25 km,False,,24.5,37.9,9.7,55.3
12930,Georges River,New South Wales,-33.972634,151.090066,066194,CANTERBURY RACECOURSE AWS,7.75,066194,CANTERBURY RACECOURSE AWS,-33.9057,151.1134,7.75,<=25 km,False,,23.1,6.5,12.4,4.2
12950,Gilgandra,New South Wales,-31.632988,148.704473,064017,COONABARABRAN AIRPORT AWS,63.15,064017,COONABARABRAN AIRPORT AWS,-31.333,149.2699,63.15,50-100 km,False,,22.8,13.8,11.6,5.5
13010,Glen Innes Severn,New South Wales,-29.631887,151.917291,056243,GLEN INNES AIRPORT AWS,22.18,056243,GLEN INNES AIRPORT AWS,-29.678,151.694,22.18,<=25 km,False,,20.4,0.5,6.1,104.1
13310,Goulburn Mulwaree,New South Wales,-34.902118,149.801485,070330,GOULBURN AIRPORT AWS,12.23,070330,GOULBURN AIRPORT AWS,-34.8085,149.7311,12.23,<=25 km,False,,19.9,6.4,6.2,94.9
13340,Greater Hume Shire,New South Wales,-35.759028,147.161572,072160,ALBURY AIRPORT AWS,38.98,072160,ALBURY AIRPORT AWS,-36.0662,146.953,38.98,25-50 km,False,,22.5,21.4,9.2,45.2
13450,Griffith,New South Wales,-34.334497,146.008117,074037,YANCO AGRICULTURAL INSTITUTE,50.38,074037,YANCO AGRICULTURAL INSTITUTE,-34.6222,146.4327,50.38,50-100 km,False,,24.2,37.1,11.4,17.8
13550,Gunnedah,New South Wales,-31.023747,150.203659,055024,GUNNEDAH RESOURCE CENTRE,6.2,055024,GUNNEDAH RESOURCE CENTRE,-31.0261,150.2687,6.2,<=25 km,False,,24.8,23.4,12.2,16.1
13660,Gwydir,New South Wales,-29.498174,150.537915,056018,INVERELL RESEARCH CENTRE,60.94,056018,INVERELL RESEARCH CENTRE,-29.7752,151.082,60.94,50-100 km,False,,22.9,5.1,10.4,28.9
13800,Hawkesbury,New South Wales,-33.340697,150.828649,067105,RICHMOND RAAF,29.29,067105,RICHMOND RAAF,-33.6004,150.7761,29.29,25-50 km,False,,24.4,19.1,11.2,32.7
13850,Hay,New South Wales,-34.157184,144.89033,075019,HAY AIRPORT AWS,43.04,075019,HAY AIRPORT AWS,-34.5412,144.8315,43.04,25-50 km,False,,25.2,46.8,10.2,40.8
13910,Hilltops,New South Wales,-34.415619,148.563434,073138,YOUNG AIRPORT,34.4,073138,YOUNG AIRPORT,-34.2493,148.2475,34.4,25-50 km,False,,22.3,18.9,7.1,91.0
14000,Hornsby,New South Wales,-33.572461,151.072083,066059,TERREY HILLS AWS,19.35,066059,TERREY HILLS AWS,-33.6908,151.2253,19.35,<=25 km,False,,21.9,4.7,13.3,0.2
14100,Hunters Hill,New South Wales,-33.829839,151.136046,066212,SYDNEY OLYMPIC PARK AWS (ARCHERY CENTRE),5.95,066212,SYDNEY OLYMPIC PARK AWS (ARCHERY CENTRE),-33.8338,151.0718,5.95,<=25 km,False,,24.0,10.7,13.1,0.9
14170,Inner West,New South Wales,-33.889973,151.14541,066194,CANTERBURY RACECOURSE AWS,3.43,066194,CANTERBURY RACECOURSE AWS,-33.9057,151.1134,3.43,<=25 km,False,,23.1,6.5,12.4,4.2
14220,Inverell,New South Wales,-29.435422,151.175413,056242,INVERELL (RAGLAN ST),38.76,056242,INVERELL (RAGLAN ST),-29.7796,151.1121,38.76,25-50 km,False,,24.2,9.7,7.8,84.9
14300,Junee,New South Wales,-34.815134,147.672668,073142,COOTAMUNDRA AIRPORT,39.11,073142,COOTAMUNDRA AIRPORT,-34.6299,148.0365,39.11,25-50 km,False,,22.4,19.7,7.8,87.9
14350,Kempsey,New South Wales,-30.905539,152.522789,059007,KEMPSEY AIRPORT AWS,30.03,059007,KEMPSEY AIRPORT AWS,-31.0711,152.7717,30.03,25-50 km,False,,25.1,6.5,11.9,16.5
14400,Kiama,New South Wales,-34.695815,150.795125,068241,ALBION PARK (SHELLHARBOUR AIRPORT),14.67,068241,ALBION PARK (SHELLHARBOUR AIRPORT),-34.5639,150.7924,14.67,<=25 km,False,,22.6,4.2,11.7,10.3
14500,Ku-ring-gai,New South Wales,-33.727013,151.149154,066059,TERREY HILLS AWS,8.11,066059,TERREY HILLS AWS,-33.6908,151.2253,8.11,<=25 km,False,,21.9,4.7,13.3,0.2
14550,Kyogle,New South Wales,-28.646586,152.744295,057095,TABULAM (MUIRNE),31.07,057095,TABULAM (MUIRNE),-28.7551,152.4507,31.07,25-50 km,False,,22.4,2.9,12.7,0.9
14600,Lachlan,New South Wales,-32.795343,147.121301,050137,CONDOBOLIN AIRPORT AWS,31.53,050137,CONDOBOLIN AIRPORT AWS,-33.0682,147.2133,31.53,25-50 km,False,,25.0,41.7,10.2,51.6
14650,Lake Macquarie,New South Wales,-33.037554,151.483427,061412,COORANBONG (LAKE MACQUARIE AWS),5.98,061412,COORANBONG (LAKE MACQUARIE AWS),-33.0887,151.4636,5.98,<=25 km,False,,23.9,9.5,11.5,15.3
14700,Lane Cove,New South Wales,-33.823198,151.169683,066212,SYDNEY OLYMPIC PARK AWS (ARCHERY CENTRE),9.12,066212,SYDNEY OLYMPIC PARK AWS (ARCHERY CENTRE),-33.8338,151.0718,9.12,<=25 km,False,,24.0,10.7,13.1,0.9
14750,Leeton,New South Wales,-34.53018,146.29422,074037,YANCO AGRICULTURAL INSTITUTE,16.29,074037,YANCO AGRICULTURAL INSTITUTE,-34.6222,146.4327,16.29,<=25 km,False,,24.2,37.1,11.4,17.8
14850,Lismore,New South Wales,-28.79352,153.267157,058214,LISMORE AIRPORT AWS,4.17,058214,LISMORE AIRPORT AWS,-28.8305,153.2601,4.17,<=25 km,False,,26.1,11.1,12.9,8.7
14870,Lithgow,New South Wales,-33.320175,150.195096,063226,LITHGOW (COOERWULL),18.44,063292,MOUNT BOYCE AWS,-33.6185,150.2741,33.97,25-50 km,True,Original station has no accessible BOM climate statistics page,17.2,1.0,8.2,40.3
14900,Liverpool,New South Wales,-33.952511,150.898764,066161,HOLSWORTHY AERODROME AWS,6.41,066161,HOLSWORTHY AERODROME AWS,-33.9925,150.9489,6.41,<=25 km,False,,23.7,12.7,12.0,7.1
14920,Liverpool Plains,New South Wales,-31.470038,150.39427,061392,MURRURUNDI GAP AWS,48.4,061392,MURRURUNDI GAP AWS,-31.7416,150.7937,48.4,25-50 km,False,,20.8,4.3,10.9,10.1
14950,Lockhart,New South Wales,-35.321952,146.810395,072150,WAGGA WAGGA AMO,61.52,072150,WAGGA WAGGA AMO,-35.1583,147.4575,61.52,50-100 km,False,,22.3,20.6,9.1,49.8
15050,Maitland,New South Wales,-32.707998,151.526739,061250,PATERSON (TOCAL AWS),10.64,061250,PATERSON (TOCAL AWS),-32.6296,151.5919,10.64,<=25 km,False,,24.2,17.5,12.1,7.0
15240,Mid-Coast,New South Wales,-32.072128,152.044671,060141,TAREE AIRPORT AWS,48.53,060141,TAREE AIRPORT AWS,-31.8895,152.512,48.53,25-50 km,False,,24.2,7.1,12.7,6.1
15270,Mid-Western Regional,New South Wales,-32.602278,149.735812,062101,MUDGEE AIRPORT AWS,12.15,062101,MUDGEE AIRPORT AWS,-32.5628,149.6149,12.15,<=25 km,False,,22.8,14.1,8.3,74.3
15300,Moree Plains,New South Wales,-29.321321,149.45962,053115,MOREE AERO,41.95,053115,MOREE AERO,-29.4898,149.8471,41.95,25-50 km,False,,27.0,45.9,12.7,24.5
15350,Mosman,New South Wales,-33.828455,151.247647,066037,SYDNEY AIRPORT AMO,14.82,066037,SYDNEY AIRPORT AMO,-33.9465,151.1731,14.82,<=25 km,False,,22.5,5.5,13.6,0.4
15520,Murray River,New South Wales,-35.230353,144.005435,077094,SWAN HILL AERODROME,45.12,077094,SWAN HILL AERODROME,-35.3766,143.5416,45.12,25-50 km,False,,24.0,35.8,9.4,37.9
15560,Murrumbidgee,New South Wales,-35.010286,145.81257,074037,YANCO AGRICULTURAL INSTITUTE,71.18,074037,YANCO AGRICULTURAL INSTITUTE,-34.6222,146.4327,71.18,50-100 km,False,,24.2,37.1,11.4,17.8
15650,Muswellbrook,New South Wales,-32.488032,150.516397,062100,NULLO MOUNTAIN AWS,37.62,062100,NULLO MOUNTAIN AWS,-32.7244,150.229,37.62,25-50 km,False,,16.8,0.4,8.1,42.3
15700,Nambucca Valley,New South Wales,-30.708384,152.779519,059007,KEMPSEY AIRPORT AWS,40.34,059007,KEMPSEY AIRPORT AWS,-31.0711,152.7717,40.34,25-50 km,False,,25.1,6.5,11.9,16.5
15750,Narrabri,New South Wales,-30.327768,149.557163,054038,NARRABRI AIRPORT AWS,26.24,054038,NARRABRI AIRPORT AWS,-30.3154,149.8302,26.24,25-50 km,False,,26.9,49.0,12.2,30.1
15800,Narrandera,New South Wales,-34.592088,146.700119,074148,NARRANDERA AIRPORT AWS,21.15,074148,NARRANDERA AIRPORT AWS,-34.705,146.514,21.15,<=25 km,False,,24.0,33.2,9.9,44.8
15850,Narromine,New South Wales,-32.231656,147.952839,051049,TRANGIE RESEARCH STATION AWS,27.31,051049,TRANGIE RESEARCH STATION AWS,-31.9861,147.9489,27.31,25-50 km,False,,24.8,37.6,10.9,36.2
15900,Newcastle,New South Wales,-32.876266,151.666343,061055,NEWCASTLE NOBBYS SIGNAL STATION AWS,13.2,061055,NEWCASTLE NOBBYS SIGNAL STATION AWS,-32.9184,151.7985,13.2,<=25 km,False,,21.8,3.5,14.3,0.0
15950,North Sydney,New South Wales,-33.834232,151.209238,066194,CANTERBURY RACECOURSE AWS,11.89,066194,CANTERBURY RACECOURSE AWS,-33.9057,151.1134,11.89,<=25 km,False,,23.1,6.5,12.4,4.2
15990,Northern Beaches,New South Wales,-33.69788,151.243584,066059,TERREY HILLS AWS,1.87,066059,TERREY HILLS AWS,-33.6908,151.2253,1.87,<=25 km,False,,21.9,4.7,13.3,0.2
16100,Oberon,New South Wales,-33.845238,149.832276,063292,MOUNT BOYCE AWS,48.01,063292,MOUNT BOYCE AWS,-33.6185,150.2741,48.01,25-50 km,False,,17.2,1.0,8.2,40.3
16150,Orange,New South Wales,-33.32925,149.108127,063254,ORANGE AGRICULTURAL INSTITUTE,2.52,063254,ORANGE AGRICULTURAL INSTITUTE,-33.3211,149.0828,2.52,<=25 km,False,,18.0,1.0,7.2,62.2
16200,Parkes,New South Wales,-32.822526,147.976139,050031,PEAK HILL POST OFFICE,22.84,050031,PEAK HILL POST OFFICE,-32.7235,148.1902,22.84,<=25 km,False,,24.6,34.1,12.1,18.5
16260,Parramatta,New South Wales,-33.807664,151.022385,066124,PARRAMATTA NORTH (MASONS DRIVE),1.82,066124,PARRAMATTA NORTH (MASONS DRIVE),-33.7917,151.0181,1.82,<=25 km,False,,23.4,11.1,12.3,2.1
16350,Penrith,New South Wales,-33.747705,150.714849,067113,PENRITH LAKES AWS,4.61,067113,PENRITH LAKES AWS,-33.7195,150.6783,4.61,<=25 km,False,,24.8,21.8,12.4,7.7
16380,Port Macquarie-Hastings,New South Wales,-31.42132,152.489092,060085,YARRAS (MOUNT SEAVIEW),23.19,060085,YARRAS (MOUNT SEAVIEW),-31.3865,152.2482,23.19,<=25 km,False,,24.4,10.4,11.9,8.8
16400,Port Stephens,New South Wales,-32.728534,151.817607,061078,WILLIAMTOWN RAAF,7.48,061078,WILLIAMTOWN RAAF,-32.7939,151.8364,7.48,<=25 km,False,,23.2,10.1,12.5,3.5
16490,Queanbeyan-Palerang Regional,New South Wales,-35.455566,149.570255,069132,BRAIDWOOD RACECOURSE AWS,19.61,069132,BRAIDWOOD RACECOURSE AWS,-35.4253,149.7835,19.61,<=25 km,False,,19.3,4.9,6.2,90.7
16550,Randwick,New South Wales,-33.945678,151.24278,066037,SYDNEY AIRPORT AMO,6.43,066037,SYDNEY AIRPORT AMO,-33.9465,151.1731,6.43,<=25 km,False,,22.5,5.5,13.6,0.4
16610,Richmond Valley,New South Wales,-29.026909,152.986884,058208,CASINO AIRPORT AWS,17.64,058208,CASINO AIRPORT AWS,-28.8824,153.0618,17.64,<=25 km,False,,26.3,15.8,13.4,5.7
16700,Ryde,New South Wales,-33.801534,151.10437,066212,SYDNEY OLYMPIC PARK AWS (ARCHERY CENTRE),4.68,066212,SYDNEY OLYMPIC PARK AWS (ARCHERY CENTRE),-33.8338,151.0718,4.68,<=25 km,False,,24.0,10.7,13.1,0.9
16900,Shellharbour,New South Wales,-34.59044,150.772202,068241,ALBION PARK (SHELLHARBOUR AIRPORT),3.48,068241,ALBION PARK (SHELLHARBOUR AIRPORT),-34.5639,150.7924,3.48,<=25 km,False,,22.6,4.2,11.7,10.3
16950,Shoalhaven,New South Wales,-35.141626,150.391727,068072,NOWRA RAN AIR STATION AWS,25.29,068072,NOWRA RAN AIR STATION AWS,-34.9469,150.5353,25.29,25-50 km,False,,22.5,6.9,11.7,1.2
17000,Singleton,New South Wales,-32.602343,151.113294,061250,PATERSON (TOCAL AWS),44.93,061250,PATERSON (TOCAL AWS),-32.6296,151.5919,44.93,25-50 km,False,,24.2,17.5,12.1,7.0
17040,Snowy Monaro Regional,New South Wales,-36.421111,148.893218,070217,COOMA AIRPORT AWS,15.83,070217,COOMA AIRPORT AWS,-36.2939,148.9725,15.83,<=25 km,False,,18.2,2.3,4.0,141.9
17080,Snowy Valleys,New South Wales,-35.943005,148.093866,072161,CABRAMURRA SMHEA AWS,25.58,072161,CABRAMURRA SMHEA AWS,-35.9371,148.3779,25.58,25-50 km,False,,12.6,0.0,5.2,126.1
17100,Strathfield,New South Wales,-33.879784,151.078502,066194,CANTERBURY RACECOURSE AWS,4.32,066194,CANTERBURY RACECOURSE AWS,-33.9057,151.1134,4.32,<=25 km,False,,23.1,6.5,12.4,4.2
17150,Sutherland Shire,New South Wales,-34.072002,150.997764,066161,HOLSWORTHY AERODROME AWS,9.92,066161,HOLSWORTHY AERODROME AWS,-33.9925,150.9489,9.92,<=25 km,False,,23.7,12.7,12.0,7.1
17200,Sydney,New South Wales,-33.888852,151.204914,066037,SYDNEY AIRPORT AMO,7.05,066037,SYDNEY AIRPORT AMO,-33.9465,151.1731,7.05,<=25 km,False,,22.5,5.5,13.6,0.4
17310,Tamworth Regional,New South Wales,-30.922011,150.90991,055325,TAMWORTH AIRPORT AWS,18.32,055325,TAMWORTH AIRPORT AWS,-31.0742,150.8362,18.32,<=25 km,False,,25.0,27.1,9.9,51.8
17350,Temora,New South Wales,-34.38303,147.468596,073151,TEMORA AIRPORT,6.35,073151,TEMORA AIRPORT,-34.4277,147.5117,6.35,<=25 km,False,,23.6,32.0,8.7,74.4
17400,Tenterfield,New South Wales,-28.838557,152.280779,057095,TABULAM (MUIRNE),18.98,057095,TABULAM (MUIRNE),-28.7551,152.4507,18.98,<=25 km,False,,22.4,2.9,12.7,0.9
17420,The Hills Shire,New South Wales,-33.576228,150.970704,067105,RICHMOND RAAF,18.23,067105,RICHMOND RAAF,-33.6004,150.7761,18.23,<=25 km,False,,24.4,19.1,11.2,32.7
17550,Tweed,New South Wales,-28.34953,153.344386,058158,MURWILLUMBAH (BRAY PARK),3.74,058158,MURWILLUMBAH (BRAY PARK),-28.3395,153.3809,3.74,<=25 km,False,,25.8,4.4,14.5,1.5
19399,Unincorporated NSW,New South Wales,-31.152911,141.878085,046128,FOWLERS GAP AWS,18.43,046128,FOWLERS GAP AWS,-31.0863,141.7008,18.43,<=25 km,False,,26.9,67.0,13.0,19.4
17620,Upper Hunter Shire,New South Wales,-31.981237,150.647068,061363,SCONE AIRPORT AWS,17.88,061363,SCONE AIRPORT AWS,-32.0335,150.8264,17.88,<=25 km,False,,24.6,25.4,10.1,43.1
17640,Upper Lachlan Shire,New South Wales,-34.418664,149.584949,070263,GOULBURN TAFE,38.35,070263,GOULBURN TAFE,-34.7495,149.7034,38.35,25-50 km,False,,19.7,6.9,7.7,62.8
17650,Uralla,New South Wales,-30.485434,151.302199,056238,ARMIDALE AIRPORT AWS,30.4,056238,ARMIDALE AIRPORT AWS,-30.5273,151.6158,30.4,25-50 km,False,,19.6,0.5,7.6,63.8
17750,Wagga Wagga,New South Wales,-35.1862,147.462861,072150,WAGGA WAGGA AMO,3.14,072150,WAGGA WAGGA AMO,-35.1583,147.4575,3.14,<=25 km,False,,22.3,20.6,9.1,49.8
17850,Walcha,New South Wales,-31.197543,151.749059,055136,WOOLBROOK (WOOLBROOK ROAD),45.92,055136,WOOLBROOK (WOOLBROOK ROAD),-30.9651,151.3505,45.92,25-50 km,False,,20.7,2.0,5.8,109.7
17900,Walgett,New South Wales,-29.788316,148.23891,052088,WALGETT AIRPORT AWS,29.87,052088,WALGETT AIRPORT AWS,-30.0372,148.1223,29.87,25-50 km,False,,27.7,69.0,12.0,39.1
17950,Warren,New South Wales,-31.295587,147.80521,051161,COONAMBLE AIRPORT AWS,65.12,051161,COONAMBLE AIRPORT AWS,-30.9776,148.3798,65.12,50-100 km,False,,26.5,54.5,11.8,35.4
18020,Warrumbungle Shire,New South Wales,-31.455092,149.463316,064017,COONABARABRAN AIRPORT AWS,22.83,064017,COONABARABRAN AIRPORT AWS,-31.333,149.2699,22.83,<=25 km,False,,22.8,13.8,11.6,5.5
18050,Waverley,New South Wales,-33.884095,151.276896,066037,SYDNEY AIRPORT AMO,11.83,066037,SYDNEY AIRPORT AMO,-33.9465,151.1731,11.83,<=25 km,False,,22.5,5.5,13.6,0.4
18100,Weddin,New South Wales,-33.87844,147.975696,073014,GRENFELL (MANGANESE RD),16.39,073014,GRENFELL (MANGANESE RD),-33.8934,148.1523,16.39,<=25 km,False,,22.5,20.5,9.4,37.9
18200,Wentworth,New South Wales,-33.659257,142.012819,047029,POONCARIE MAIL AGENCY,59.92,047029,POONCARIE MAIL AGENCY,-33.3856,142.5696,59.92,50-100 km,False,,26.5,63.2,11.5,19.7
18250,Willoughby,New South Wales,-33.801662,151.183233,066212,SYDNEY OLYMPIC PARK AWS (ARCHERY CENTRE),10.9,066212,SYDNEY OLYMPIC PARK AWS (ARCHERY CENTRE),-33.8338,151.0718,10.9,<=25 km,False,,24.0,10.7,13.1,0.9
18350,Wingecarribee,New South Wales,-34.490777,150.366931,068239,MOSS VALE AWS,6.32,068239,MOSS VALE AWS,-34.5253,150.4217,6.32,<=25 km,False,,19.0,4.2,8.3,49.5
18400,Wollondilly,New South Wales,-34.069675,150.402958,068262,HIGH RANGE AWS (WANGANDERRY),31.89,067113,PENRITH LAKES AWS,-33.7195,150.6783,46.5,25-50 km,True,Original station has no accessible BOM climate statistics page,24.8,21.8,12.4,7.7
18450,Wollongong,New South Wales,-34.341854,150.833785,068228,BELLAMBI AWS,9.26,068228,BELLAMBI AWS,-34.3692,150.9291,9.26,<=25 km,False,,21.5,2.0,14.8,0.0
18500,Woollahra,New South Wales,-33.86178,151.273287,066037,SYDNEY AIRPORT AMO,13.2,066037,SYDNEY AIRPORT AMO,-33.9465,151.1731,13.2,<=25 km,False,,22.5,5.5,13.6,0.4
18710,Yass Valley,New South Wales,-34.926586,148.941272,073007,BURRINJUCK DAM,32.29,073007,BURRINJUCK DAM,-34.9997,148.5984,32.29,25-50 km,False,,20.8,13.3,9.2,28.5
70200,Alice Springs,Northern Territory,-23.729354,133.855389,015590,ALICE SPRINGS AIRPORT,8.07,015590,ALICE SPRINGS AIRPORT,-23.7951,133.889,8.07,<=25 km,False,,28.9,93.3,13.2,30.8
70420,Barkly,Northern Territory,-19.557568,135.01012,015135,TENNANT CREEK AIRPORT,87.12,015135,TENNANT CREEK AIRPORT,-19.6423,134.1833,87.12,50-100 km,False,,32.1,132.6,19.9,0.0
70540,Belyuen,Northern Territory,-12.537356,130.683192,014031,CHARLES POINT,17.4,014015,DARWIN AIRPORT,-12.4239,130.8925,25.99,25-50 km,True,Original station has no accessible BOM climate statistics page,32.1,13.9,23.3,0.0
70620,Central Desert,Northern Territory,-21.047703,130.878088,015666,RABBIT FLAT,131.65,015666,RABBIT FLAT,-20.1823,130.0148,131.65,>100 km,False,,34.0,175.8,16.6,7.7
70700,Coomalie,Northern Territory,-13.152464,131.050054,014272,BATCHELOR AIRPORT,11.23,014272,BATCHELOR AIRPORT,-13.0544,131.0252,11.23,<=25 km,False,,33.7,111.3,21.3,0.0
71000,Darwin,Northern Territory,-12.399753,130.892457,014015,DARWIN AIRPORT,2.69,014015,DARWIN AIRPORT,-12.4239,130.8925,2.69,<=25 km,False,,32.1,13.9,23.3,0.0
71150,Darwin Waterfront Precinct,Northern Territory,-12.46847,130.847604,014015,DARWIN AIRPORT,6.95,014015,DARWIN AIRPORT,-12.4239,130.8925,6.95,<=25 km,False,,32.1,13.9,23.3,0.0
71300,East Arnhem,Northern Territory,-13.099468,135.648077,014517,NGAYAWILI,122.85,014517,NGAYAWILI,-11.9971,135.5726,122.85,>100 km,False,,31.6,7.8,23.1,0.0
72200,Katherine,Northern Territory,-14.650861,132.169724,014932,TINDAL RAAF,26.97,014932,TINDAL RAAF,-14.5229,132.3826,26.97,25-50 km,False,,34.2,151.6,20.6,0.0
72300,Litchfield,Northern Territory,-12.502261,131.195697,014041,MIDDLE POINT,15.99,014041,MIDDLE POINT,-12.605,131.2988,15.99,<=25 km,False,,34.4,153.3,20.8,0.0
72330,MacDonnell,Northern Territory,-24.609643,133.499707,015590,ALICE SPRINGS AIRPORT,98.8,015590,ALICE SPRINGS AIRPORT,-23.7951,133.889,98.8,50-100 km,False,,28.9,93.3,13.2,30.8
72800,Palmerston,Northern Territory,-12.496208,130.980145,014015,DARWIN AIRPORT,12.46,014015,DARWIN AIRPORT,-12.4239,130.8925,12.46,<=25 km,False,,32.1,13.9,23.3,0.0
73600,Roper Gulf,Northern Territory,-15.305647,134.056888,014299,NGUKURR AIRPORT,98.27,014299,NGUKURR AIRPORT,-14.7238,134.7456,98.27,50-100 km,False,,35.5,193.7,21.3,0.0
74050,Tiwi Islands,Northern Territory,-11.552186,130.972254,014142,PIRLANGIMPI AIRPORT,62.27,014142,PIRLANGIMPI AIRPORT,-11.4021,130.4217,62.27,50-100 km,False,,32.6,26.6,22.4,0.0
79399,Unincorporated NT,Northern Territory,-13.144299,131.646219,014272,BATCHELOR AIRPORT,68.0,014272,BATCHELOR AIRPORT,-13.0544,131.0252,68.0,50-100 km,False,,33.7,111.3,21.3,0.0
74550,Victoria Daly,Northern Territory,-15.899869,130.546044,014825,VICTORIA RIVER DOWNS,75.06,014825,VICTORIA RIVER DOWNS,-16.403,131.0145,75.06,50-100 km,False,,34.7,174.6,19.6,0.0
74560,Wagait,Northern Territory,-12.45257,130.75148,014031,CHARLES POINT,14.88,014015,DARWIN AIRPORT,-12.4239,130.8925,15.64,<=25 km,True,Original station has no accessible BOM climate statistics page,32.1,13.9,23.3,0.0
74660,West Arnhem,Northern Territory,-12.418741,133.41627,014310,OENPELLI AIRPORT,45.61,014310,OENPELLI AIRPORT,-12.3272,133.0069,45.61,25-50 km,False,,34.9,171.2,22.8,0.0
74680,West Daly,Northern Territory,-14.086665,130.003595,014272,BATCHELOR AIRPORT,159.28,014272,BATCHELOR AIRPORT,-13.0544,131.0252,159.28,>100 km,False,,33.7,111.3,21.3,0.0
51710,Christmas Island,Other Territories,-10.491367,105.616925,200790,CHRISTMAS ISLAND AERO,9.04,200790,CHRISTMAS ISLAND AERO,-10.4515,105.689,9.04,<=25 km,False,,27.4,0.0,22.9,0.0
51860,Cocos Islands,Other Territories,-12.077274,96.839599,200284,COCOS ISLAND AIRPORT,12.46,200284,COCOS ISLAND AIRPORT,-12.1892,96.8344,12.46,<=25 km,False,,29.1,0.0,24.7,0.0
99399,Unincorp. Other Territories,Other Territories,-35.159376,150.682291,068151,JERVIS BAY (POINT PERPENDICULAR AWS),13.34,068151,JERVIS BAY (POINT PERPENDICULAR AWS),-35.0936,150.8049,13.34,<=25 km,False,,20.7,1.1,14.4,0.0
30250,Aurukun,Queensland,-13.60359,141.769445,027045,WEIPA AERO,104.24,027045,WEIPA AERO,-12.6778,141.9208,104.24,>100 km,False,,32.9,70.8,22.1,0.0
30300,Balonne,Queensland,-28.285273,147.943537,044010,BOLLON MARY ST,53.5,044010,BOLLON MARY ST,-28.0338,147.4783,53.5,50-100 km,False,,28.1,71.4,13.3,22.3
30370,Banana,Queensland,-24.805379,150.104066,039089,THANGOOL AIRPORT,58.55,039089,THANGOOL AIRPORT,-24.4935,150.5709,58.55,50-100 km,False,,29.2,38.2,13.3,17.1
30410,Barcaldine,Queensland,-23.052108,145.820902,036034,BLACKALL AIRPORT,158.31,036034,BLACKALL AIRPORT,-24.4303,145.4306,158.31,>100 km,False,,30.7,103.1,15.6,10.7
30450,Barcoo,Queensland,-25.175259,142.532156,045009,BALLERA GAS FIELD,257.69,045009,BALLERA GAS FIELD,-27.4008,141.8114,257.69,>100 km,False,,30.5,120.9,16.8,0.6
30760,Blackall Tambo,Queensland,-24.785356,145.797816,035069,TAMBO POST OFFICE,47.51,035069,TAMBO POST OFFICE,-24.8819,146.2564,47.51,25-50 km,False,,29.1,65.4,12.8,31.8
30900,Boulia,Queensland,-22.278755,138.744123,037058,URANDANGI AERODROME,85.14,037058,URANDANGI AERODROME,-21.5979,138.3665,85.14,50-100 km,False,,33.7,164.7,16.5,7.2
31000,Brisbane,Queensland,-27.440586,152.89731,040913,BRISBANE,14.67,040913,BRISBANE,-27.4808,153.0389,14.67,<=25 km,False,,26.7,3.9,16.5,0.0
31750,Bulloo,Queensland,-27.826103,142.648888,045009,BALLERA GAS FIELD,95.11,045009,BALLERA GAS FIELD,-27.4008,141.8114,95.11,50-100 km,False,,30.5,120.9,16.8,0.6
31820,Bundaberg,Queensland,-24.972525,152.011849,039066,GAYNDAH AIRPORT,81.96,039066,GAYNDAH AIRPORT,-25.6167,151.6156,81.96,50-100 km,False,,28.9,33.8,14.5,6.9
31900,Burdekin,Queensland,-19.849312,147.217049,033002,AYR DPI RESEARCH STN,30.72,033002,AYR DPI RESEARCH STN,-19.6169,147.3758,30.72,25-50 km,False,,29.2,6.2,18.1,0.1
31950,Burke,Queensland,-18.066234,138.907553,029077,BURKETOWN AIRPORT,75.27,029077,BURKETOWN AIRPORT,-17.7483,139.5356,75.27,50-100 km,False,,33.4,126.8,20.8,0.0
32080,Cairns,Queensland,-17.105402,145.765794,031222,CAIRNS RACECOURSE,17.8,031222,CAIRNS RACECOURSE,-16.9463,145.7474,17.8,<=25 km,False,,29.7,7.4,20.7,0.0
32250,Carpentaria,Queensland,-17.322747,141.599542,029063,NORMANTON AIRPORT,68.97,029063,NORMANTON AIRPORT,-17.6872,141.0733,68.97,50-100 km,False,,33.7,139.2,21.9,0.0
32260,Cassowary Coast,Queensland,-17.967749,145.87488,032004,CARDWELL MARINE PDE,35.34,032004,CARDWELL MARINE PDE,-18.2544,146.0192,35.34,25-50 km,False,,28.7,4.3,19.0,0.0
32270,Central Highlands (Qld),Queensland,-24.063083,148.308681,035129,ROLLESTON AIRPORT,54.79,035129,ROLLESTON AIRPORT,-24.4617,148.6264,54.79,50-100 km,False,,29.6,59.1,14.5,10.4
32310,Charters Towers,Queensland,-20.208948,145.974119,034084,CHARTERS TOWERS AIRPORT COMPARISON,36.14,034084,CHARTERS TOWERS AIRPORT COMPARISON,-20.0427,146.2716,36.14,25-50 km,False,,30.5,58.7,17.7,0.2
32330,Cherbourg,Queensland,-26.287485,151.929142,040922,KINGAROY AIRPORT,33.05,040922,KINGAROY AIRPORT,-26.5737,151.8398,33.05,25-50 km,False,,25.9,11.6,11.4,37.6
32450,Cloncurry,Queensland,-20.698471,140.346285,029127,MOUNT ISA AERO,89.36,029127,MOUNT ISA AERO,-20.6778,139.4875,89.36,50-100 km,False,,32.1,126.9,17.3,3.0
32500,Cook,Queensland,-13.682458,142.761734,027073,COEN AIRPORT,39.48,027073,COEN AIRPORT,-13.7606,143.1183,39.48,25-50 km,False,,31.9,43.2,21.0,0.0
32600,Croydon,Queensland,-18.513623,141.967023,029063,NORMANTON AIRPORT,131.78,029063,NORMANTON AIRPORT,-17.6872,141.0733,131.78,>100 km,False,,33.7,139.2,21.9,0.0
32750,Diamantina,Queensland,-24.576173,139.68258,038026,BIRDSVILLE AIRPORT,150.75,038026,BIRDSVILLE AIRPORT,-25.8975,139.3472,150.75,>100 km,False,,31.7,140.5,16.9,0.9
32770,Doomadgee,Queensland,-17.640184,138.745818,029077,BURKETOWN AIRPORT,84.52,029077,BURKETOWN AIRPORT,-17.7483,139.5356,84.52,50-100 km,False,,33.4,126.8,20.8,0.0
32810,Douglas,Queensland,-16.309642,145.289065,031037,LOW ISLES LIGHTHOUSE,29.99,031037,LOW ISLES LIGHTHOUSE,-16.3842,145.5592,29.99,25-50 km,False,,29.4,7.9,23.5,0.0
33100,Etheridge,Queensland,-18.56308,143.721674,030124,GEORGETOWN AIRPORT,35.17,030124,GEORGETOWN AIRPORT,-18.3039,143.5306,35.17,25-50 km,False,,33.0,108.5,19.1,0.1
33200,Flinders (Qld),Queensland,-20.866814,144.252192,030022,HUGHENDEN AIRPORT,5.65,030022,HUGHENDEN AIRPORT,-20.8192,144.2333,5.65,<=25 km,False,,32.4,125.2,17.6,3.4
33220,Fraser Coast,Queensland,-25.583594,152.516004,040126,MARYBOROUGH,21.46,040126,MARYBOROUGH,-25.5132,152.7152,21.46,<=25 km,False,,27.0,3.8,15.3,2.8
33360,Gladstone,Queensland,-24.16787,151.310222,039326,GLADSTONE AIRPORT,34.36,039326,GLADSTONE AIRPORT,-23.8697,151.2214,34.36,25-50 km,False,,27.5,3.5,18.2,0.0
33430,Gold Coast,Queensland,-27.978436,153.322043,040764,GOLD COAST SEAWAY,11.32,040764,GOLD COAST SEAWAY,-27.939,153.4283,11.32,<=25 km,False,,25.4,1.2,17.3,0.0
33610,Goondiwindi,Queensland,-28.463355,150.288429,053115,MOREE AERO,121.94,053115,MOREE AERO,-29.4898,149.8471,121.94,>100 km,False,,27.0,45.9,12.7,24.5
33620,Gympie,Queensland,-26.17743,152.478999,040908,TEWANTIN RSL PARK,60.8,040908,TEWANTIN RSL PARK,-26.3911,153.0403,60.8,50-100 km,False,,25.5,2.3,17.1,0.0
33800,Hinchinbrook,Queensland,-18.660478,146.066982,032004,CARDWELL MARINE PDE,45.43,032004,CARDWELL MARINE PDE,-18.2544,146.0192,45.43,25-50 km,False,,28.7,4.3,19.0,0.0
33830,Hope Vale,Queensland,-15.136988,145.207273,031213,CAPE FLATTERY,21.9,031213,CAPE FLATTERY,-14.9672,145.3106,21.9,<=25 km,False,,30.0,2.7,23.5,0.0
33960,Ipswich,Queensland,-27.677524,152.670675,040004,AMBERLEY AMO,6.64,040004,AMBERLEY AMO,-27.6297,152.7111,6.64,<=25 km,False,,26.9,13.5,13.1,18.3
33980,Isaac,Queensland,-22.243106,147.82612,034035,MORANBAH AIRPORT,32.5,034035,MORANBAH AIRPORT,-22.0644,148.0758,32.5,25-50 km,False,,30.5,72.3,15.8,4.3
34420,Kowanyama,Queensland,-15.274233,141.818177,027073,COEN AIRPORT,218.89,027073,COEN AIRPORT,-13.7606,143.1183,218.89,>100 km,False,,31.9,43.2,21.0,0.0
34530,Livingstone,Queensland,-22.821609,150.11664,033195,WILLIAMSON,39.58,033195,WILLIAMSON,-22.4703,150.1786,39.58,25-50 km,False,,28.4,3.6,17.2,1.4
34570,Lockhart River,Queensland,-13.021711,143.213076,028008,LOCKHART RIVER AIRPORT,28.13,028008,LOCKHART RIVER AIRPORT,-12.785,143.3047,28.13,25-50 km,False,,29.9,6.2,22.1,0.0
34580,Lockyer Valley,Queensland,-27.680918,152.19954,040082,UNIVERSITY OF QUEENSLAND GATTON,20.44,040082,UNIVERSITY OF QUEENSLAND GATTON,-27.5436,152.3375,20.44,<=25 km,False,,27.0,19.7,13.1,6.7
34590,Logan,Queensland,-27.762807,153.00275,040854,LOGAN CITY WATER TREATMENT PLANT,21.13,040854,LOGAN CITY WATER TREATMENT PLANT,-27.6841,153.1981,21.13,<=25 km,False,,26.1,4.3,15.2,0.3
34710,Longreach,Queensland,-23.875174,143.913113,036031,LONGREACH AERO,61.34,036031,LONGREACH AERO,-23.4397,144.2828,61.34,50-100 km,False,,31.6,123.2,16.0,6.3
34770,Mackay,Queensland,-21.160354,148.752676,033119,MACKAY M.O,48.38,033119,MACKAY M.O,-21.1172,149.2169,48.38,25-50 km,False,,26.6,0.9,19.2,0.0
34830,Mapoon,Queensland,-12.098058,141.8552,027075,SCHERGER RAAF,62.92,027075,SCHERGER RAAF,-12.6167,142.0869,62.92,50-100 km,False,,33.1,80.8,22.1,0.0
34860,Maranoa,Queensland,-26.396152,148.538096,043091,ROMA AIRPORT,28.66,043091,ROMA AIRPORT,-26.5477,148.771,28.66,25-50 km,False,,28.2,55.1,12.7,38.9
34880,Mareeba,Queensland,-17.129352,143.924224,030124,GEORGETOWN AIRPORT,137.1,030124,GEORGETOWN AIRPORT,-18.3039,143.5306,137.1,>100 km,False,,33.0,108.5,19.1,0.1
34800,McKinlay,Queensland,-20.595314,141.71192,029058,JULIA CREEK AIRPORT,8.05,029058,JULIA CREEK AIRPORT,-20.6672,141.7214,8.05,<=25 km,False,,34.2,177.4,17.3,1.9
35010,Moreton Bay,Queensland,-27.107327,152.902692,040284,BEERBURRUM FOREST STATION,17.55,040284,BEERBURRUM FOREST STATION,-26.9586,152.9619,17.55,<=25 km,False,,26.5,7.8,15.0,0.1
35250,Mornington,Queensland,-16.563073,139.339888,029182,MORNINGTON ISLAND AIRPORT,21.59,029182,MORNINGTON ISLAND AIRPORT,-16.662,139.1655,21.59,<=25 km,False,,30.7,13.4,23.0,0.0
35300,Mount Isa,Queensland,-19.75906,138.761258,037010,CAMOOWEAL TOWNSHIP,69.35,037010,CAMOOWEAL TOWNSHIP,-19.9225,138.1214,69.35,50-100 km,False,,33.0,155.2,17.7,1.9
35600,Murweh,Queensland,-26.135623,146.369031,044021,CHARLEVILLE AERO,32.94,044021,CHARLEVILLE AERO,-26.4139,146.2558,32.94,25-50 km,False,,28.3,67.8,13.7,26.5
35670,Napranum,Queensland,-12.537624,142.268544,027075,SCHERGER RAAF,21.59,027075,SCHERGER RAAF,-12.6167,142.0869,21.59,<=25 km,False,,33.1,80.8,22.1,0.0
35740,Noosa,Queensland,-26.318168,152.930828,040908,TEWANTIN RSL PARK,13.59,040908,TEWANTIN RSL PARK,-26.3911,153.0403,13.59,<=25 km,False,,25.5,2.3,17.1,0.0
35760,North Burnett,Queensland,-25.244343,151.173083,039066,GAYNDAH AIRPORT,60.74,039066,GAYNDAH AIRPORT,-25.6167,151.6156,60.74,50-100 km,False,,28.9,33.8,14.5,6.9
35780,Northern Peninsula Area,Queensland,-10.975784,142.310871,027058,HORN ISLAND,43.58,027058,HORN ISLAND,-10.5844,142.29,43.58,25-50 km,False,,30.5,0.7,24.7,0.0
35790,Palm Island,Queensland,-18.726405,146.605854,032040,TOWNSVILLE AERO,60.43,032040,TOWNSVILLE AERO,-19.2483,146.7661,60.43,50-100 km,False,,29.0,3.7,19.9,0.0
35800,Paroo,Queensland,-27.988514,145.852682,044026,CUNNAMULLA POST OFFICE,18.97,044026,CUNNAMULLA POST OFFICE,-28.0689,145.6822,18.97,<=25 km,False,,28.2,82.2,14.4,6.1
36070,Pormpuraaw,Queensland,-14.650716,141.789441,027073,COEN AIRPORT,174.11,027073,COEN AIRPORT,-13.7606,143.1183,174.11,>100 km,False,,31.9,43.2,21.0,0.0
36150,Quilpie,Queensland,-26.149351,143.754955,045025,THARGOMINDAH AIRPORT,204.39,045025,THARGOMINDAH AIRPORT,-27.9867,143.815,204.39,>100 km,False,,29.8,103.6,16.4,2.9
36250,Redland,Queensland,-27.586053,153.244743,140007,REDLAND (ALEXANDRA HILLS),4.78,040854,LOGAN CITY WATER TREATMENT PLANT,-27.6841,153.1981,11.83,<=25 km,True,Original station has no accessible BOM climate statistics page,26.1,4.3,15.2,0.3
36300,Richmond,Queensland,-20.569948,142.9277,030161,RICHMOND AIRPORT,24.17,030161,RICHMOND AIRPORT,-20.7001,143.1137,24.17,<=25 km,False,,33.5,156.7,17.3,2.1
36370,Rockhampton,Queensland,-23.417166,150.168151,039083,ROCKHAMPTON AERO,31.91,039083,ROCKHAMPTON AERO,-23.3753,150.4775,31.91,25-50 km,False,,28.5,20.0,16.8,1.1
36510,Scenic Rim,Queensland,-28.040204,152.810611,040983,BEAUDESERT DRUMLEY STREET,19.21,040983,BEAUDESERT DRUMLEY STREET,-27.9707,152.9898,19.21,<=25 km,False,,27.1,14.0,13.3,13.8
36580,Somerset,Queensland,-27.011519,152.447169,040284,BEERBURRUM FOREST STATION,51.34,040284,BEERBURRUM FOREST STATION,-26.9586,152.9619,51.34,50-100 km,False,,26.5,7.8,15.0,0.1
36630,South Burnett,Queensland,-26.400777,151.622359,040922,KINGAROY AIRPORT,28.95,040922,KINGAROY AIRPORT,-26.5737,151.8398,28.95,25-50 km,False,,25.9,11.6,11.4,37.6
36660,Southern Downs,Queensland,-28.501919,151.842467,041095,STANTHORPE,19.82,041095,STANTHORPE,-28.6632,151.929,19.82,<=25 km,False,,21.8,1.5,8.9,64.3
36720,Sunshine Coast,Queensland,-26.707821,152.850878,040988,NAMBOUR DAFF - HILLSIDE,11.2,040988,NAMBOUR DAFF - HILLSIDE,-26.6442,152.9383,11.2,<=25 km,False,,26.1,6.1,15.9,0.0
36820,Tablelands,Queensland,-17.833564,145.275327,031108,WALKAMIN RESEARCH STATION,79.38,031108,WALKAMIN RESEARCH STATION,-17.1347,145.4281,79.38,50-100 km,False,,27.4,5.2,17.2,0.0
36910,Toowoomba,Queensland,-27.479309,151.520535,041359,OAKEY AERO,23.36,041359,OAKEY AERO,-27.4034,151.7413,23.36,<=25 km,False,,25.6,12.3,11.0,43.9
36950,Torres,Queensland,-10.682445,142.188682,027058,HORN ISLAND,15.54,027058,HORN ISLAND,-10.5844,142.29,15.54,<=25 km,False,,30.5,0.7,24.7,0.0
36960,Torres Strait Island,Queensland,-9.396834,142.681722,027058,HORN ISLAND,138.84,027058,HORN ISLAND,-10.5844,142.29,138.84,>100 km,False,,30.5,0.7,24.7,0.0
37010,Townsville,Queensland,-19.351971,146.768015,032040,TOWNSVILLE AERO,11.53,032040,TOWNSVILLE AERO,-19.2483,146.7661,11.53,<=25 km,False,,29.0,3.7,19.9,0.0
37300,Weipa,Queensland,-12.634327,141.876452,027045,WEIPA AERO,6.82,027045,WEIPA AERO,-12.6778,141.9208,6.82,<=25 km,False,,32.9,70.8,22.1,0.0
37310,Western Downs,Queensland,-26.806544,150.559008,042112,MILES CONSTANCE STREET,40.98,042112,MILES CONSTANCE STREET,-26.6569,150.1819,40.98,25-50 km,False,,27.9,43.5,13.0,31.3
37340,Whitsunday,Queensland,-20.697762,147.708043,033247,PROSERPINE AIRPORT,91.07,033247,PROSERPINE AIRPORT,-20.4925,148.555,91.07,50-100 km,False,,28.9,13.9,17.7,1.0
37400,Winton,Queensland,-22.508099,142.352196,037039,WINTON AIRPORT,76.92,037039,WINTON AIRPORT,-22.3617,143.0836,76.92,50-100 km,False,,33.0,151.1,17.1,1.6
37550,Woorabinda,Queensland,-23.48176,149.684079,039083,ROCKHAMPTON AERO,81.81,039083,ROCKHAMPTON AERO,-23.3753,150.4775,81.81,50-100 km,False,,28.5,20.0,16.8,1.1
37570,Wujal Wujal,Queensland,-15.965877,145.317763,031037,LOW ISLES LIGHTHOUSE,53.18,031037,LOW ISLES LIGHTHOUSE,-16.3842,145.5592,53.18,50-100 km,False,,29.4,7.9,23.5,0.0
37600,Yarrabah,Queensland,-17.01727,145.874568,031222,CAIRNS RACECOURSE,15.66,031222,CAIRNS RACECOURSE,-16.9463,145.7474,15.66,<=25 km,False,,29.7,7.4,20.7,0.0
40070,Adelaide,South Australia,-34.920387,138.597083,023034,ADELAIDE AIRPORT M.O.,7.91,023034,ADELAIDE AIRPORT M.O.,-34.9524,138.5196,7.91,<=25 km,False,,21.6,14.1,11.5,3.6
40120,Adelaide Hills,South Australia,-34.901093,138.829396,023842,MOUNT LOFTY,13.95,023842,MOUNT LOFTY,-34.9784,138.7088,13.95,<=25 km,False,,16.2,2.2,8.7,4.8
40150,Adelaide Plains,South Australia,-34.510446,138.470988,023122,ROSEWORTHY AWS,18.81,023122,ROSEWORTHY AWS,-34.5106,138.6763,18.81,<=25 km,False,,23.7,33.8,9.7,18.0
40220,Alexandrina,South Australia,-35.337602,138.834671,024580,STRATHALBYN RACECOURSE,8.03,024580,STRATHALBYN RACECOURSE,-35.2836,138.8934,8.03,<=25 km,False,,21.7,19.3,10.3,6.5
40250,Anangu Pitjantjatjara Yunkunytjatjara,South Australia,-27.035959,131.204333,016097,ERNABELLA (PUKATJA),129.32,016097,ERNABELLA (PUKATJA),-26.2635,132.1771,129.32,>100 km,False,,27.5,66.9,13.2,20.4
40310,Barossa,South Australia,-34.613484,138.938487,023878,MOUNT CRAWFORD AWS,12.47,023878,MOUNT CRAWFORD AWS,-34.7253,138.9278,12.47,<=25 km,False,,19.1,10.5,9.7,2.1
40430,Barunga West,South Australia,-33.795304,137.899215,022050,KADINA AWS,29.24,022050,KADINA AWS,-33.9703,137.6628,29.24,25-50 km,False,,23.7,30.2,9.9,28.5
40520,Berri Barmera,South Australia,-34.286721,140.50136,024048,RENMARK AERO,18.87,024048,RENMARK AERO,-34.1983,140.6766,18.87,<=25 km,False,,25.0,43.2,9.7,37.5
40700,Burnside,South Australia,-34.944314,138.647,023842,MOUNT LOFTY,6.79,023842,MOUNT LOFTY,-34.9784,138.7088,6.79,<=25 km,False,,16.2,2.2,8.7,4.8
40910,Campbelltown (SA),South Australia,-34.885417,138.679391,023842,MOUNT LOFTY,10.68,023842,MOUNT LOFTY,-34.9784,138.7088,10.68,<=25 km,False,,16.2,2.2,8.7,4.8
41010,Ceduna,South Australia,-32.147327,134.098149,018012,CEDUNA AMO,37.76,018012,CEDUNA AMO,-32.1297,133.6976,37.76,25-50 km,False,,23.6,29.7,10.5,15.9
41060,Charles Sturt,South Australia,-34.900564,138.537244,023034,ADELAIDE AIRPORT M.O.,5.98,023034,ADELAIDE AIRPORT M.O.,-34.9524,138.5196,5.98,<=25 km,False,,21.6,14.1,11.5,3.6
41140,Clare and Gilbert Valleys,South Australia,-34.01487,138.772841,021131,CLARE HIGH SCHOOL,27.05,021131,CLARE HIGH SCHOOL,-33.8226,138.5933,27.05,25-50 km,False,,21.5,19.5,9.0,30.9
41190,Cleve,South Australia,-33.65768,136.28898,018116,CLEVE AERODROME,20.55,018116,CLEVE AERODROME,-33.7081,136.5026,20.55,<=25 km,False,,22.6,23.2,11.5,0.9
41330,Coober Pedy,South Australia,-29.016387,134.756981,016090,COOBER PEDY AIRPORT,3.95,016090,COOBER PEDY AIRPORT,-29.0347,134.7222,3.95,<=25 km,False,,27.9,78.0,14.2,2.5
47800,Coorong,South Australia,-35.718419,139.761906,025557,KEITH (MUNKORA),66.69,025557,KEITH (MUNKORA),-36.1058,140.3273,66.69,50-100 km,False,,22.8,29.1,7.9,43.7
41560,Copper Coast,South Australia,-33.942639,137.732555,022050,KADINA AWS,7.13,022050,KADINA AWS,-33.9703,137.6628,7.13,<=25 km,False,,23.7,30.2,9.9,28.5
41750,Elliston,South Australia,-33.537183,135.385217,018044,KYANCUTTA TOWN,47.47,018044,KYANCUTTA TOWN,-33.1337,135.5521,47.47,25-50 km,False,,25.3,44.7,9.3,29.4
41830,Flinders Ranges,South Australia,-32.129211,138.215632,019017,HAWKER,32.68,019017,HAWKER,-31.9043,138.4388,32.68,25-50 km,False,,25.2,43.8,10.7,26.9
41960,Franklin Harbour,South Australia,-33.60166,136.962469,018116,CLEVE AERODROME,44.18,018116,CLEVE AERODROME,-33.7081,136.5026,44.18,25-50 km,False,,22.6,23.2,11.5,0.9
42030,Gawler,South Australia,-34.621508,138.719718,023122,ROSEWORTHY AWS,12.96,023122,ROSEWORTHY AWS,-34.5106,138.6763,12.96,<=25 km,False,,23.7,33.8,9.7,18.0
42110,Goyder,South Australia,-33.718979,139.037219,021131,CLARE HIGH SCHOOL,42.62,021131,CLARE HIGH SCHOOL,-33.8226,138.5933,42.62,25-50 km,False,,21.5,19.5,9.0,30.9
42250,Grant,South Australia,-37.835847,140.58668,026021,MOUNT GAMBIER AERO,19.17,026021,MOUNT GAMBIER AERO,-37.7473,140.7739,19.17,<=25 km,False,,19.1,8.6,8.2,18.2
42600,Holdfast Bay,South Australia,-35.00225,138.521042,023034,ADELAIDE AIRPORT M.O.,5.54,023034,ADELAIDE AIRPORT M.O.,-34.9524,138.5196,5.54,<=25 km,False,,21.6,14.1,11.5,3.6
42750,Kangaroo Island,South Australia,-35.818042,137.156513,022843,PARNDANA CFS AWS,8.89,023875,PARAWA (SECOND VALLEY FOREST AWS),-35.5695,138.2864,105.71,>100 km,True,Original station has no accessible BOM climate statistics page,17.6,5.2,10.3,0.0
43080,Karoonda East Murray,South Australia,-34.943267,140.024847,025006,KAROONDA,20.03,025006,KAROONDA,-35.09,139.8972,20.03,<=25 km,False,,23.7,29.5,9.4,18.4
43220,Kimba,South Australia,-32.969971,136.081576,018040,KIMBA,36.28,018040,KIMBA,-33.1416,136.4126,36.28,25-50 km,False,,23.7,32.3,10.4,7.1
43360,Kingston (SA),South Australia,-36.640888,140.140329,026100,PADTHAWAY SOUTH,34.01,026100,PADTHAWAY SOUTH,-36.6539,140.5212,34.01,25-50 km,False,,21.5,18.6,8.5,29.7
43650,Light,South Australia,-34.409788,138.83214,023373,NURIOOTPA PIRSA,17.53,023373,NURIOOTPA PIRSA,-34.4761,139.0056,17.53,<=25 km,False,,21.7,21.3,9.2,28.1
43710,Lower Eyre Peninsula,South Australia,-34.47244,135.583587,018217,CUMMINS AERO,27.22,018217,CUMMINS AERO,-34.2524,135.7135,27.22,25-50 km,False,,23.1,25.9,9.7,22.1
43790,Loxton Waikerie,South Australia,-34.47567,140.28274,024024,LOXTON RESEARCH CENTRE,29.17,024024,LOXTON RESEARCH CENTRE,-34.439,140.5978,29.17,25-50 km,False,,24.1,32.6,9.2,34.3
44000,Maralinga Tjarutja,South Australia,-29.242811,130.999671,018106,NULLARBOR,245.53,018106,NULLARBOR,-31.4492,130.8976,245.53,>100 km,False,,23.9,29.0,10.9,10.6
44060,Marion,South Australia,-35.025826,138.546191,023034,ADELAIDE AIRPORT M.O.,8.52,023034,ADELAIDE AIRPORT M.O.,-34.9524,138.5196,8.52,<=25 km,False,,21.6,14.1,11.5,3.6
44210,Mid Murray,South Australia,-34.415603,139.36124,023373,NURIOOTPA PIRSA,33.3,023373,NURIOOTPA PIRSA,-34.4761,139.0056,33.3,25-50 km,False,,21.7,21.3,9.2,28.1
44340,Mitcham,South Australia,-35.006628,138.626605,023842,MOUNT LOFTY,8.12,023842,MOUNT LOFTY,-34.9784,138.7088,8.12,<=25 km,False,,16.2,2.2,8.7,4.8
44550,Mount Barker,South Australia,-35.069008,138.894849,023733,MOUNT BARKER,4.42,023733,MOUNT BARKER,-35.0732,138.8466,4.42,<=25 km,False,,20.1,12.3,8.1,24.9
44620,Mount Gambier,South Australia,-37.825138,140.782101,026021,MOUNT GAMBIER AERO,8.69,026021,MOUNT GAMBIER AERO,-37.7473,140.7739,8.69,<=25 km,False,,19.1,8.6,8.2,18.2
44830,Mount Remarkable,South Australia,-32.72053,138.191062,018201,PORT AUGUSTA AERO,50.34,018201,PORT AUGUSTA AERO,-32.5073,137.7169,50.34,50-100 km,False,,26.3,51.9,12.2,17.2
45040,Murray Bridge,South Australia,-35.200844,139.217888,024521,MURRAY BRIDGE,9.39,024521,MURRAY BRIDGE,-35.1234,139.2592,9.39,<=25 km,False,,23.1,24.5,10.0,14.4
45090,Naracoorte Lucindale,South Australia,-36.984476,140.527949,026099,NARACOORTE AERODROME,17.68,026099,NARACOORTE AERODROME,-36.9813,140.727,17.68,<=25 km,False,,21.6,21.2,8.2,33.6
45120,Northern Areas,South Australia,-33.301831,138.522213,019062,YONGALA,37.46,019062,YONGALA,-33.0276,138.756,37.46,25-50 km,False,,21.9,23.2,7.4,64.3
45290,Norwood Payneham and St Peters,South Australia,-34.90795,138.636113,023842,MOUNT LOFTY,10.26,023842,MOUNT LOFTY,-34.9784,138.7088,10.26,<=25 km,False,,16.2,2.2,8.7,4.8
45340,Onkaparinga,South Australia,-35.186855,138.582875,023885,NOARLUNGA,7.69,023885,NOARLUNGA,-35.1586,138.5057,7.69,<=25 km,False,,21.8,16.2,12.8,0.0
45400,Orroroo Carrieton,South Australia,-32.542448,138.664996,019062,YONGALA,54.61,019062,YONGALA,-33.0276,138.756,54.61,50-100 km,False,,21.9,23.2,7.4,64.3
45540,Peterborough,South Australia,-32.844099,139.036968,019062,YONGALA,33.22,019062,YONGALA,-33.0276,138.756,33.22,25-50 km,False,,21.9,23.2,7.4,64.3
45680,Playford,South Australia,-34.69416,138.730935,023083,EDINBURGH RAAF,10.11,023083,EDINBURGH RAAF,-34.7111,138.6223,10.11,<=25 km,False,,22.8,24.8,11.2,8.6
45890,Port Adelaide Enfield,South Australia,-34.826257,138.536128,023034,ADELAIDE AIRPORT M.O.,14.11,023034,ADELAIDE AIRPORT M.O.,-34.9524,138.5196,14.11,<=25 km,False,,21.6,14.1,11.5,3.6
46090,Port Augusta,South Australia,-32.615984,137.691488,018201,PORT AUGUSTA AERO,12.32,018201,PORT AUGUSTA AERO,-32.5073,137.7169,12.32,<=25 km,False,,26.3,51.9,12.2,17.2
46300,Port Lincoln,South Australia,-34.728592,135.856012,018192,NORTH SHIELDS (PORT LINCOLN AWS),14.52,018192,NORTH SHIELDS (PORT LINCOLN AWS),-34.5993,135.8784,14.52,<=25 km,False,,21.3,8.6,11.4,0.5
46450,Port Pirie,South Australia,-33.365152,138.074465,021139,PORT PIRIE AERODROME AWS,15.95,018120,WHYALLA AERO,-33.0539,137.5206,62.07,50-100 km,True,Original station has no accessible BOM climate statistics page,23.8,28.4,11.6,13.6
46510,Prospect,South Australia,-34.884654,138.601373,023034,ADELAIDE AIRPORT M.O.,10.6,023034,ADELAIDE AIRPORT M.O.,-34.9524,138.5196,10.6,<=25 km,False,,21.6,14.1,11.5,3.6
46670,Renmark Paringa,South Australia,-34.143075,140.872114,024048,RENMARK AERO,19.01,024048,RENMARK AERO,-34.1983,140.6766,19.01,<=25 km,False,,25.0,43.2,9.7,37.5
46860,Robe,South Australia,-37.186144,139.995232,026105,ROBE AIRFIELD,16.84,026105,ROBE AIRFIELD,-37.1776,139.8054,16.84,<=25 km,False,,19.6,5.5,9.6,16.0
46970,Roxby Downs,South Australia,-30.55729,136.881493,016096,ROXBY DOWNS (OLYMPIC DAM AERODROME),7.86,016096,ROXBY DOWNS (OLYMPIC DAM AERODROME),-30.4869,136.8739,7.86,<=25 km,False,,27.8,77.2,12.7,26.1
47140,Salisbury,South Australia,-34.768482,138.616381,023083,EDINBURGH RAAF,6.4,023083,EDINBURGH RAAF,-34.7111,138.6223,6.4,<=25 km,False,,22.8,24.8,11.2,8.6
47290,Southern Mallee,South Australia,-35.367553,140.521208,025562,LAMEROO (AUSTIN PLAINS),1.89,025562,LAMEROO (AUSTIN PLAINS),-35.3778,140.5378,1.89,<=25 km,False,,23.4,31.3,8.7,26.8
47490,Streaky Bay,South Australia,-32.738141,134.61602,018079,STREAKY BAY,37.56,018079,STREAKY BAY,-32.8092,134.2233,37.56,25-50 km,False,,23.1,23.2,12.2,0.5
47630,Tatiara,South Australia,-36.204187,140.506271,025507,KEITH,17.96,025507,KEITH,-36.098,140.3556,17.96,<=25 km,False,,22.3,23.3,9.1,17.3
47700,Tea Tree Gully,South Australia,-34.801648,138.715033,023083,EDINBURGH RAAF,13.16,023083,EDINBURGH RAAF,-34.7111,138.6223,13.16,<=25 km,False,,22.8,24.8,11.2,8.6
47910,Tumby Bay,South Australia,-34.196984,136.038653,018217,CUMMINS AERO,30.52,018217,CUMMINS AERO,-34.2524,135.7135,30.52,25-50 km,False,,23.1,25.9,9.7,22.1
49399,Unincorporated SA,South Australia,-30.129838,137.000909,016065,ANDAMOOKA,38.99,016065,ANDAMOOKA,-30.449,137.1692,38.99,25-50 km,False,,27.7,74.9,13.9,3.9
47980,Unley,South Australia,-34.953807,138.604039,023034,ADELAIDE AIRPORT M.O.,7.7,023034,ADELAIDE AIRPORT M.O.,-34.9524,138.5196,7.7,<=25 km,False,,21.6,14.1,11.5,3.6
48050,Victor Harbor,South Australia,-35.516155,138.562433,023804,VICTOR HARBOR (ENCOUNTER BAY),5.43,023804,VICTOR HARBOR (ENCOUNTER BAY),-35.5544,138.5997,5.43,<=25 km,False,,20.6,11.3,10.2,10.6
48130,Wakefield,South Australia,-34.000234,138.36426,021131,CLARE HIGH SCHOOL,28.93,021131,CLARE HIGH SCHOOL,-33.8226,138.5933,28.93,25-50 km,False,,21.5,19.5,9.0,30.9
48260,Walkerville,South Australia,-34.894393,138.611845,023034,ADELAIDE AIRPORT M.O.,10.6,023034,ADELAIDE AIRPORT M.O.,-34.9524,138.5196,10.6,<=25 km,False,,21.6,14.1,11.5,3.6
48340,Wattle Range,South Australia,-37.508186,140.530186,026021,MOUNT GAMBIER AERO,34.17,026021,MOUNT GAMBIER AERO,-37.7473,140.7739,34.17,25-50 km,False,,19.1,8.6,8.2,18.2
48410,West Torrens,South Australia,-34.942509,138.545287,023034,ADELAIDE AIRPORT M.O.,2.59,023034,ADELAIDE AIRPORT M.O.,-34.9524,138.5196,2.59,<=25 km,False,,21.6,14.1,11.5,3.6
48540,Whyalla,South Australia,-33.045469,137.429205,018120,WHYALLA AERO,8.57,018120,WHYALLA AERO,-33.0539,137.5206,8.57,<=25 km,False,,23.8,28.4,11.6,13.6
48640,Wudinna,South Australia,-32.978526,135.236916,018195,MINNIPA PIRSA,17.08,018195,MINNIPA PIRSA,-32.8427,135.1515,17.08,<=25 km,False,,24.7,39.2,11.2,2.1
48750,Yankalilla,South Australia,-35.493287,138.364693,023875,PARAWA (SECOND VALLEY FOREST AWS),11.05,023875,PARAWA (SECOND VALLEY FOREST AWS),-35.5695,138.2864,11.05,<=25 km,False,,17.6,5.2,10.3,0.0
48830,Yorke Peninsula,South Australia,-34.692593,137.685347,022031,MINLATON AERO,15.68,022031,MINLATON AERO,-34.748,137.5276,15.68,<=25 km,False,,22.6,20.2,10.9,3.1
60210,Break O'Day,Tasmania,-41.391027,147.945121,092120,ST HELENS AERODROME,28.49,092120,ST HELENS AERODROME,-41.3381,148.2792,28.49,25-50 km,False,,18.1,0.5,9.1,16.4
60410,Brighton,Tasmania,-42.726703,147.286139,094212,CAMPANIA (KINCORA),12.25,094212,CAMPANIA (KINCORA),-42.6867,147.4258,12.25,<=25 km,False,,18.7,2.0,7.3,47.5
60610,Burnie,Tasmania,-41.19648,145.812415,091344,BURNIE NTC AWS,18.41,091344,BURNIE NTC AWS,-41.05,145.9149,18.41,<=25 km,False,,16.3,0.0,10.8,0.0
60810,Central Coast (Tas.),Tasmania,-41.269938,146.07571,091291,SHEFFIELD SCHOOL FARM,24.13,091291,SHEFFIELD SCHOOL FARM,-41.389,146.3173,24.13,<=25 km,False,,16.2,0.1,6.8,41.0
61010,Central Highlands (Tas.),Tasmania,-42.196015,146.672709,095048,OUSE FIRE STATION,32.2,095048,OUSE FIRE STATION,-42.4842,146.7106,32.2,25-50 km,False,,18.4,2.9,5.6,90.0
61210,Circular Head,Tasmania,-41.154537,145.032313,091259,LUNCHEON HILL (FORESTRY),10.01,091259,LUNCHEON HILL (FORESTRY),-41.1492,145.1517,10.01,<=25 km,False,,15.6,0.0,7.6,13.2
61410,Clarence,Tasmania,-42.862829,147.428354,094029,HOBART (ELLERSLIE ROAD),8.72,094029,HOBART (ELLERSLIE ROAD),-42.8897,147.3278,8.72,<=25 km,False,,17.0,1.2,8.4,12.9
61510,Derwent Valley,Tasmania,-42.803089,146.544217,095003,BUSHY PARK (BUSHY PARK ESTATES),30.72,095003,BUSHY PARK (BUSHY PARK ESTATES),-42.7097,146.8983,30.72,25-50 km,False,,17.9,1.8,5.9,79.4
61610,Devonport,Tasmania,-41.212944,146.298784,091126,DEVONPORT AIRPORT,11.88,091126,DEVONPORT AIRPORT,-41.1701,146.4289,11.88,<=25 km,False,,17.1,0.0,8.4,25.4
61810,Dorset,Tasmania,-41.059173,147.657906,091219,SCOTTSDALE (WEST MINSTONE ROAD),18.87,091219,SCOTTSDALE (WEST MINSTONE ROAD),-41.1708,147.4883,18.87,<=25 km,False,,17.3,0.1,7.2,41.4
62010,Flinders (Tas.),Tasmania,-40.391814,148.217719,099005,FLINDERS ISLAND AIRPORT,38.11,099005,FLINDERS ISLAND AIRPORT,-40.0911,148.0024,38.11,25-50 km,False,,17.8,0.9,9.9,19.7
62210,George Town,Tasmania,-41.119783,147.002958,091293,LOW HEAD,19.46,091293,LOW HEAD,-41.0547,146.7874,19.46,<=25 km,False,,16.7,0.0,10.6,1.7
62410,Glamorgan-Spring Bay,Tasmania,-42.274506,147.925235,092148,SWANSEA (FRANCIS STREET),19.48,092148,SWANSEA (FRANCIS STREET),-42.1381,148.0736,19.48,<=25 km,False,,18.3,1.4,8.2,27.9
62610,Glenorchy,Tasmania,-42.831853,147.231885,094029,HOBART (ELLERSLIE ROAD),10.12,094029,HOBART (ELLERSLIE ROAD),-42.8897,147.3278,10.12,<=25 km,False,,17.0,1.2,8.4,12.9
62810,Hobart,Tasmania,-42.893848,147.272078,094029,HOBART (ELLERSLIE ROAD),4.56,094029,HOBART (ELLERSLIE ROAD),-42.8897,147.3278,4.56,<=25 km,False,,17.0,1.2,8.4,12.9
63010,Huon Valley,Tasmania,-43.245179,146.510576,094191,HARTZ MOUNTAIN (KEOGHS PIMPLE),21.46,094191,HARTZ MOUNTAIN (KEOGHS PIMPLE),-43.2006,146.7683,21.46,<=25 km,False,,11.4,0.0,4.0,110.5
63210,Kentish,Tasmania,-41.463412,146.161891,091291,SHEFFIELD SCHOOL FARM,15.37,091291,SHEFFIELD SCHOOL FARM,-41.389,146.3173,15.37,<=25 km,False,,16.2,0.1,6.8,41.0
63410,King Island,Tasmania,-39.868608,143.978584,098017,KING ISLAND AIRPORT,8.03,098017,KING ISLAND AIRPORT,-39.8804,143.8857,8.03,<=25 km,False,,17.1,0.5,10.0,2.9
63610,Kingborough,Tasmania,-43.090256,147.238624,094255,DENNES POINT,10.03,094255,DENNES POINT,-43.0639,147.3567,10.03,<=25 km,False,,17.2,0.4,9.7,1.1
63810,Latrobe (Tas.),Tasmania,-41.235217,146.4765,091126,DEVONPORT AIRPORT,8.26,091126,DEVONPORT AIRPORT,-41.1701,146.4289,8.26,<=25 km,False,,17.1,0.0,8.4,25.4
64010,Launceston,Tasmania,-41.321005,147.28458,091237,LAUNCESTON (TI TREE BEND),17.44,091237,LAUNCESTON (TI TREE BEND),-41.4194,147.1219,17.44,<=25 km,False,,18.7,0.1,7.4,57.6
64210,Meander Valley,Tasmania,-41.649493,146.464153,091291,SHEFFIELD SCHOOL FARM,31.44,091291,SHEFFIELD SCHOOL FARM,-41.389,146.3173,31.44,25-50 km,False,,16.2,0.1,6.8,41.0
64610,Northern Midlands,Tasmania,-41.879849,147.436289,093053,ROSS (THE BOULEVARDS),16.86,093053,ROSS (THE BOULEVARDS),-42.025,147.4954,16.86,<=25 km,False,,17.7,0.8,5.6,90.9
64810,Sorell,Tasmania,-42.788295,147.734407,094254,DUNALLEY (STROUD POINT),13.38,094254,DUNALLEY (STROUD POINT),-42.9017,147.7894,13.38,<=25 km,False,,17.5,0.9,10.0,0.9
65010,Southern Midlands,Tasmania,-42.418184,147.460238,094195,TUNNACK FIRE STATION,4.02,094195,TUNNACK FIRE STATION,-42.4543,147.4612,4.02,<=25 km,False,,15.4,0.3,5.1,90.8
65210,Tasman,Tasmania,-43.042282,147.687248,094254,DUNALLEY (STROUD POINT),17.7,094254,DUNALLEY (STROUD POINT),-42.9017,147.7894,17.7,<=25 km,False,,17.5,0.9,10.0,0.9
65410,Waratah-Wynyard,Tasmania,-41.318532,145.424064,091259,LUNCHEON HILL (FORESTRY),29.55,091259,LUNCHEON HILL (FORESTRY),-41.1492,145.1517,29.55,25-50 km,False,,15.6,0.0,7.6,13.2
65610,West Coast,Tasmania,-42.452416,145.891916,096071,LAKE ST CLAIR NATIONAL PARK,44.0,096071,LAKE ST CLAIR NATIONAL PARK,-42.1177,146.1771,44.0,25-50 km,False,,13.2,0.0,2.9,148.0
65810,West Tamar,Tasmania,-41.264467,146.858604,091293,LOW HEAD,24.07,091293,LOW HEAD,-41.0547,146.7874,24.07,<=25 km,False,,16.7,0.0,10.6,1.7
20110,Alpine,Victoria,-36.834031,146.987431,083085,MOUNT HOTHAM,20.58,083085,MOUNT HOTHAM,-36.9772,147.1342,20.58,<=25 km,False,,8.1,0.0,2.0,184.2
20260,Ararat,Victoria,-37.489111,142.796911,089112,WESTMERE,27.19,089112,WESTMERE,-37.7067,142.9378,27.19,25-50 km,False,,19.8,12.9,7.4,43.3
20570,Ballarat,Victoria,-37.518877,143.767737,088043,MARYBOROUGH,51.57,088043,MARYBOROUGH,-37.056,143.732,51.57,50-100 km,False,,20.5,13.4,8.1,33.7
20660,Banyule,Victoria,-37.733826,145.086854,086068,VIEWBANK,1.2,086068,VIEWBANK,-37.7408,145.0972,1.2,<=25 km,False,,20.9,14.0,10.0,14.1
20740,Bass Coast,Victoria,-38.485044,145.553987,086127,WONTHAGGI,14.14,086127,WONTHAGGI,-38.6078,145.5965,14.14,<=25 km,False,,18.9,4.4,9.7,6.0
20830,Baw Baw,Victoria,-37.970017,146.106918,085291,MOUNT BAW BAW,20.76,085291,MOUNT BAW BAW,-37.8384,146.2747,20.76,<=25 km,False,,9.6,0.0,3.1,178.1
20910,Bayside (Vic.),Victoria,-37.939704,145.017783,086077,MOORABBIN AIRPORT,8.21,086077,MOORABBIN AIRPORT,-37.98,145.0962,8.21,<=25 km,False,,19.9,8.7,10.2,8.9
21010,Benalla,Victoria,-36.590388,146.031765,082170,BENALLA AIRPORT,5.22,082138,WANGARATTA AERO,-36.4205,146.3056,30.92,25-50 km,True,Original station has no accessible BOM climate statistics page,22.2,20.4,7.6,66.6
21110,Boroondara,Victoria,-37.826408,145.061201,086338,MELBOURNE (OLYMPIC PARK),6.99,086338,MELBOURNE (OLYMPIC PARK),-37.8255,144.9816,6.99,<=25 km,False,,20.5,9.2,11.7,1.5
21180,Brimbank,Victoria,-37.742819,144.805403,086282,MELBOURNE AIRPORT,8.94,086282,MELBOURNE AIRPORT,-37.6654,144.8329,8.94,<=25 km,False,,20.0,10.0,9.6,8.2
21270,Buloke,Victoria,-35.846452,142.992668,080128,CHARLTON,57.58,080128,CHARLTON,-36.2846,143.3341,57.58,50-100 km,False,,23.1,29.0,9.0,40.4
21370,Campaspe,Victoria,-36.323217,144.716031,080015,ECHUCA AERODROME,18.23,080015,ECHUCA AERODROME,-36.1639,144.7639,18.23,<=25 km,False,,22.3,22.4,9.3,32.2
21450,Cardinia,Victoria,-38.095082,145.5677,086266,FERNY CREEK,31.06,086266,FERNY CREEK,-37.8748,145.3497,31.06,25-50 km,False,,16.9,2.6,9.1,3.7
21610,Casey,Victoria,-38.095159,145.313461,086077,MOORABBIN AIRPORT,22.93,086077,MOORABBIN AIRPORT,-37.98,145.0962,22.93,<=25 km,False,,19.9,8.7,10.2,8.9
21670,Central Goldfields,Victoria,-36.978834,143.705998,088043,MARYBOROUGH,8.89,088043,MARYBOROUGH,-37.056,143.732,8.89,<=25 km,False,,20.5,13.4,8.1,33.7
21750,Colac Otway,Victoria,-38.439543,143.556896,090035,COLAC (MOUNT GELLIBRAND),30.79,090035,COLAC (MOUNT GELLIBRAND),-38.2333,143.7924,30.79,25-50 km,False,,18.5,8.3,9.0,2.5
21830,Corangamite,Victoria,-38.215971,143.127406,090176,MORTLAKE RACECOURSE,34.69,090176,MORTLAKE RACECOURSE,-38.0737,142.7744,34.69,25-50 km,False,,19.4,10.2,7.6,32.8
21890,Darebin,Victoria,-37.738203,145.006947,086068,VIEWBANK,7.94,086068,VIEWBANK,-37.7408,145.0972,7.94,<=25 km,False,,20.9,14.0,10.0,14.1
22110,East Gippsland,Victoria,-37.347903,148.509499,084142,GELANTIPY,26.07,084142,GELANTIPY,-37.22,148.2626,26.07,25-50 km,False,,16.6,1.1,6.8,52.4
22170,Frankston,Victoria,-38.134001,145.174759,086077,MOORABBIN AIRPORT,18.45,086077,MOORABBIN AIRPORT,-37.98,145.0962,18.45,<=25 km,False,,19.9,8.7,10.2,8.9
22250,Gannawarra,Victoria,-35.732088,143.800446,080023,KERANG,12.25,080023,KERANG,-35.7466,143.935,12.25,<=25 km,False,,23.0,25.4,9.5,21.0
22310,Glen Eira,Victoria,-37.89921,145.04104,086338,MELBOURNE (OLYMPIC PARK),9.72,086338,MELBOURNE (OLYMPIC PARK),-37.8255,144.9816,9.72,<=25 km,False,,20.5,9.2,11.7,1.5
22410,Glenelg,Victoria,-37.891014,141.350292,090194,DARTMOOR,8.54,090194,DARTMOOR,-37.9222,141.2614,8.54,<=25 km,False,,19.9,12.1,8.7,21.0
22490,Golden Plains,Victoria,-37.852426,143.839006,087168,SHE OAKS,26.29,087168,SHE OAKS,-37.9075,144.1303,26.29,25-50 km,False,,18.9,7.7,8.5,23.4
22620,Greater Bendigo,Victoria,-36.722778,144.29043,081123,BENDIGO AIRPORT,3.87,081123,BENDIGO AIRPORT,-36.7411,144.3274,3.87,<=25 km,False,,21.3,15.8,8.1,55.7
22670,Greater Dandenong,Victoria,-38.001044,145.186536,086077,MOORABBIN AIRPORT,8.26,086077,MOORABBIN AIRPORT,-37.98,145.0962,8.26,<=25 km,False,,19.9,8.7,10.2,8.9
22750,Greater Geelong,Victoria,-38.05175,144.38739,087113,AVALON AIRPORT,8.36,087113,AVALON AIRPORT,-38.0288,144.4783,8.36,<=25 km,False,,20.4,10.8,9.4,18.9
22830,Greater Shepparton,Victoria,-36.426963,145.378161,081125,SHEPPARTON AIRPORT,1.51,081125,SHEPPARTON AIRPORT,-36.4288,145.3949,1.51,<=25 km,False,,22.5,22.4,8.8,45.2
22910,Hepburn,Victoria,-37.31624,144.00233,088110,CASTLEMAINE PRISON,33.53,088110,CASTLEMAINE PRISON,-37.0809,144.2391,33.53,25-50 km,False,,19.9,10.0,7.8,51.6
22980,Hindmarsh,Victoria,-36.028461,141.712466,078015,NHILL AERODROME,31.75,078015,NHILL AERODROME,-36.3093,141.6486,31.75,25-50 km,False,,22.5,25.2,8.7,27.4
23110,Hobsons Bay,Victoria,-37.85706,144.836603,087031,LAVERTON RAAF,7.03,087031,LAVERTON RAAF,-37.8565,144.7565,7.03,<=25 km,False,,19.8,9.4,9.5,15.6
23190,Horsham,Victoria,-36.828399,142.108853,079100,HORSHAM AERODROME,18.54,079100,HORSHAM AERODROME,-36.6699,142.1733,18.54,<=25 km,False,,22.2,25.0,7.3,60.1
23270,Hume,Victoria,-37.597208,144.823595,086282,MELBOURNE AIRPORT,7.63,086282,MELBOURNE AIRPORT,-37.6654,144.8329,7.63,<=25 km,False,,20.0,10.0,9.6,8.2
23350,Indigo,Victoria,-36.208786,146.660926,082039,RUTHERGLEN RESEARCH,17.85,082039,RUTHERGLEN RESEARCH,-36.1048,146.5094,17.85,<=25 km,False,,21.9,19.0,7.3,76.9
23430,Kingston (Vic.),Victoria,-38.004547,145.110914,086077,MOORABBIN AIRPORT,3.02,086077,MOORABBIN AIRPORT,-37.98,145.0962,3.02,<=25 km,False,,19.9,8.7,10.2,8.9
23670,Knox,Victoria,-37.898945,145.265781,086104,SCORESBY RESEARCH INSTITUTE,3.22,086104,SCORESBY RESEARCH INSTITUTE,-37.871,145.2561,3.22,<=25 km,False,,19.7,8.2,9.6,10.3
23810,Latrobe (Vic.),Victoria,-38.253918,146.454788,085280,MORWELL (LATROBE VALLEY AIRPORT),5.24,085280,MORWELL (LATROBE VALLEY AIRPORT),-38.2094,146.4746,5.24,<=25 km,False,,20.1,8.7,8.3,37.6
23940,Loddon,Victoria,-36.397979,143.894662,080128,CHARLTON,51.77,080128,CHARLTON,-36.2846,143.3341,51.77,50-100 km,False,,23.1,29.0,9.0,40.4
24130,Macedon Ranges,Victoria,-37.333331,144.634645,088162,WALLAN (KILMORE GAP),29.71,088162,WALLAN (KILMORE GAP),-37.3807,144.9655,29.71,25-50 km,False,,17.0,3.8,8.1,11.3
24210,Manningham,Victoria,-37.757093,145.18528,086068,VIEWBANK,7.95,086068,VIEWBANK,-37.7408,145.0972,7.95,<=25 km,False,,20.9,14.0,10.0,14.1
24250,Mansfield,Victoria,-37.241257,146.312817,083024,MOUNT BULLER,15.51,083024,MOUNT BULLER,-37.145,146.4395,15.51,<=25 km,False,,9.4,0.0,2.9,173.9
24330,Maribyrnong,Victoria,-37.791468,144.87431,086338,MELBOURNE (OLYMPIC PARK),10.16,086338,MELBOURNE (OLYMPIC PARK),-37.8255,144.9816,10.16,<=25 km,False,,20.5,9.2,11.7,1.5
24410,Maroondah,Victoria,-37.802871,145.261494,086104,SCORESBY RESEARCH INSTITUTE,7.59,086104,SCORESBY RESEARCH INSTITUTE,-37.871,145.2561,7.59,<=25 km,False,,19.7,8.2,9.6,10.3
24600,Melbourne,Victoria,-37.813169,144.948133,086338,MELBOURNE (OLYMPIC PARK),3.24,086338,MELBOURNE (OLYMPIC PARK),-37.8255,144.9816,3.24,<=25 km,False,,20.5,9.2,11.7,1.5
24650,Melton,Victoria,-37.681382,144.635965,086282,MELBOURNE AIRPORT,17.42,086282,MELBOURNE AIRPORT,-37.6654,144.8329,17.42,<=25 km,False,,20.0,10.0,9.6,8.2
24780,Mildura,Victoria,-34.865359,141.800614,076064,WALPEUP RESEARCH,33.85,076064,WALPEUP RESEARCH,-35.1201,142.004,33.85,25-50 km,False,,23.4,32.9,9.9,12.1
24850,Mitchell,Victoria,-37.174663,144.976463,088162,WALLAN (KILMORE GAP),22.93,088162,WALLAN (KILMORE GAP),-37.3807,144.9655,22.93,<=25 km,False,,17.0,3.8,8.1,11.3
24900,Moira,Victoria,-36.050509,145.580921,081124,YARRAWONGA,40.49,081124,YARRAWONGA,-36.0294,146.0305,40.49,25-50 km,False,,23.0,27.5,9.0,45.7
24970,Monash,Victoria,-37.896734,145.141221,086077,MOORABBIN AIRPORT,10.07,086077,MOORABBIN AIRPORT,-37.98,145.0962,10.07,<=25 km,False,,19.9,8.7,10.2,8.9
25060,Moonee Valley,Victoria,-37.749421,144.887461,086282,MELBOURNE AIRPORT,10.5,086282,MELBOURNE AIRPORT,-37.6654,144.8329,10.5,<=25 km,False,,20.0,10.0,9.6,8.2
25150,Moorabool,Victoria,-37.633283,144.216625,087168,SHE OAKS,31.42,087168,SHE OAKS,-37.9075,144.1303,31.42,25-50 km,False,,18.9,7.7,8.5,23.4
25250,Moreland,Victoria,-37.735428,144.955812,086338,MELBOURNE (OLYMPIC PARK),10.27,086338,MELBOURNE (OLYMPIC PARK),-37.8255,144.9816,10.27,<=25 km,False,,20.5,9.2,11.7,1.5
25340,Mornington Peninsula,Victoria,-38.330859,145.082208,086361,CERBERUS,9.2,086361,CERBERUS,-38.3646,145.1785,9.2,<=25 km,False,,19.2,6.3,9.9,12.0
25430,Mount Alexander,Victoria,-37.07618,144.275187,088110,CASTLEMAINE PRISON,3.24,088110,CASTLEMAINE PRISON,-37.0809,144.2391,3.24,<=25 km,False,,19.9,10.0,7.8,51.6
25490,Moyne,Victoria,-38.187535,142.372006,090186,WARRNAMBOOL AIRPORT NDB,13.09,090186,WARRNAMBOOL AIRPORT NDB,-38.2869,142.4524,13.09,<=25 km,False,,19.0,8.3,8.6,16.1
25620,Murrindindi,Victoria,-37.280975,145.607542,088164,EILDON FIRE TOWER,22.26,088164,EILDON FIRE TOWER,-37.2091,145.8423,22.26,<=25 km,False,,17.9,4.3,8.5,16.0
25710,Nillumbik,Victoria,-37.614891,145.244986,086383,COLDSTREAM,18.86,086383,COLDSTREAM,-37.7239,145.4092,18.86,<=25 km,False,,20.5,10.0,7.5,52.1
25810,Northern Grampians,Victoria,-36.849604,143.022679,079105,STAWELL AERODROME,35.23,079105,STAWELL AERODROME,-37.072,142.7402,35.23,25-50 km,False,,20.6,14.3,8.5,30.1
25900,Port Phillip,Victoria,-37.858739,144.983389,086338,MELBOURNE (OLYMPIC PARK),3.7,086338,MELBOURNE (OLYMPIC PARK),-37.8255,144.9816,3.7,<=25 km,False,,20.5,9.2,11.7,1.5
25990,Pyrenees,Victoria,-37.327378,143.424017,079101,PYRENEES (BEN NEVIS),22.65,079101,PYRENEES (BEN NEVIS),-37.2281,143.2005,22.65,<=25 km,False,,15.9,4.0,7.2,40.2
26080,Queenscliffe,Victoria,-38.250942,144.676839,087184,BREAKWATER (GEELONG RACECOURSE),27.6,087184,BREAKWATER (GEELONG RACECOURSE),-38.1737,144.3766,27.6,25-50 km,False,,20.2,9.0,10.2,6.9
26170,South Gippsland,Victoria,-38.698964,146.01669,085301,CORNER INLET (YANAKIE),19.36,085301,CORNER INLET (YANAKIE),-38.8051,146.1936,19.36,<=25 km,False,,18.9,3.3,10.2,9.0
26260,Southern Grampians,Victoria,-37.530301,141.958046,090173,HAMILTON AIRPORT,16.11,090173,HAMILTON AIRPORT,-37.6486,142.0636,16.11,<=25 km,False,,19.2,9.6,7.7,27.1
26350,Stonnington,Victoria,-37.861372,145.039144,086338,MELBOURNE (OLYMPIC PARK),6.44,086338,MELBOURNE (OLYMPIC PARK),-37.8255,144.9816,6.44,<=25 km,False,,20.5,9.2,11.7,1.5
26430,Strathbogie,Victoria,-36.724236,145.374315,088109,MANGALORE AIRPORT,24.81,088109,MANGALORE AIRPORT,-36.8886,145.1859,24.81,<=25 km,False,,21.1,14.2,8.4,42.1
26490,Surf Coast,Victoria,-38.339932,144.097389,090180,AIREYS INLET,13.19,090180,AIREYS INLET,-38.4583,144.0883,13.19,<=25 km,False,,18.5,5.3,10.7,0.1
26610,Swan Hill,Victoria,-35.100563,143.021211,077094,SWAN HILL AERODROME,56.35,077094,SWAN HILL AERODROME,-35.3766,143.5416,56.35,50-100 km,False,,24.0,35.8,9.4,37.9
26670,Towong,Victoria,-36.365876,147.602587,082139,HUNTERS HILL,17.85,082139,HUNTERS HILL,-36.2136,147.5395,17.85,<=25 km,False,,16.5,1.4,8.0,51.5
29399,Unincorporated Vic,Victoria,-38.351075,145.388674,086373,RHYLL,14.03,086373,RHYLL,-38.4612,145.3101,14.03,<=25 km,False,,18.8,2.0,11.8,0.5
26700,Wangaratta,Victoria,-36.616185,146.431837,082138,WANGARATTA AERO,24.51,082138,WANGARATTA AERO,-36.4205,146.3056,24.51,<=25 km,False,,22.2,20.4,7.6,66.6
26730,Warrnambool,Victoria,-38.378139,142.502507,090186,WARRNAMBOOL AIRPORT NDB,11.05,090186,WARRNAMBOOL AIRPORT NDB,-38.2869,142.4524,11.05,<=25 km,False,,19.0,8.3,8.6,16.1
26810,Wellington,Victoria,-37.911725,146.880289,085296,MOUNT MOORNAPA,29.37,085296,MOUNT MOORNAPA,-37.7481,147.1428,29.37,25-50 km,False,,18.7,6.1,9.2,3.9
26890,West Wimmera,Victoria,-36.601336,141.399574,078015,NHILL AERODROME,39.38,078015,NHILL AERODROME,-36.3093,141.6486,39.38,25-50 km,False,,22.5,25.2,8.7,27.4
26980,Whitehorse,Victoria,-37.828525,145.156442,086104,SCORESBY RESEARCH INSTITUTE,9.94,086104,SCORESBY RESEARCH INSTITUTE,-37.871,145.2561,9.94,<=25 km,False,,19.7,8.2,9.6,10.3
27070,Whittlesea,Victoria,-37.55081,145.062036,088162,WALLAN (KILMORE GAP),20.75,088162,WALLAN (KILMORE GAP),-37.3807,144.9655,20.75,<=25 km,False,,17.0,3.8,8.1,11.3
27170,Wodonga,Victoria,-36.145097,146.910833,072160,ALBURY AIRPORT AWS,9.56,072160,ALBURY AIRPORT AWS,-36.0662,146.953,9.56,<=25 km,False,,22.5,21.4,9.2,45.2
27260,Wyndham,Victoria,-37.892758,144.629501,087031,LAVERTON RAAF,11.85,087031,LAVERTON RAAF,-37.8565,144.7565,11.85,<=25 km,False,,19.8,9.4,9.5,15.6
27350,Yarra,Victoria,-37.804893,144.986584,086338,MELBOURNE (OLYMPIC PARK),2.33,086338,MELBOURNE (OLYMPIC PARK),-37.8255,144.9816,2.33,<=25 km,False,,20.5,9.2,11.7,1.5
27450,Yarra Ranges,Victoria,-37.749997,145.723963,086383,COLDSTREAM,27.83,086383,COLDSTREAM,-37.7239,145.4092,27.83,25-50 km,False,,20.5,10.0,7.5,52.1
27630,Yarriambiack,Victoria,-36.028412,142.388497,077010,HOPETOUN AIRPORT,34.95,077010,HOPETOUN AIRPORT,-35.7151,142.3569,34.95,25-50 km,False,,24.0,36.3,8.7,45.6
50080,Albany,Western Australia,-34.70989,118.259561,009999,ALBANY AIRPORT,47.98,009999,ALBANY AIRPORT,-34.9411,117.8158,47.98,25-50 km,False,,21.1,3.7,10.8,2.3
50210,Armadale,Western Australia,-32.179113,116.106557,009240,BICKLEY,19.33,009240,BICKLEY,-32.0072,116.1369,19.33,<=25 km,False,,22.7,17.9,11.4,0.9
50250,Ashburton,Western Australia,-22.525224,116.824743,007185,PARABURDOO AERO,118.98,007185,PARABURDOO AERO,-23.1726,117.7493,118.98,>100 km,False,,33.8,167.5,18.5,0.1
50280,Augusta Margaret River,Western Australia,-34.090917,115.198633,009518,CAPE LEEUWIN,31.87,009518,CAPE LEEUWIN,-34.3728,115.1358,31.87,25-50 km,False,,19.8,0.6,14.2,0.0
50350,Bassendean,Western Australia,-31.90582,115.944604,009021,PERTH AIRPORT M.O.,3.85,009021,PERTH AIRPORT M.O.,-31.9275,115.9764,3.85,<=25 km,False,,24.7,28.7,12.2,2.5
50420,Bayswater,Western Australia,-31.908839,115.903845,009225,PERTH METRO,3.15,009225,PERTH METRO,-31.9192,115.8728,3.15,<=25 km,False,,24.9,26.8,13.0,3.3
50490,Belmont,Western Australia,-31.954175,115.942461,009021,PERTH AIRPORT M.O.,4.37,009021,PERTH AIRPORT M.O.,-31.9275,115.9764,4.37,<=25 km,False,,24.7,28.7,12.2,2.5
50560,Beverley,Western Australia,-32.158275,116.761605,010515,BEVERLEY,16.33,010515,BEVERLEY,-32.1083,116.9247,16.33,<=25 km,False,,25.5,47.4,10.3,26.8
50630,Boddington,Western Australia,-32.792156,116.42094,010917,WANDERING,26.89,010917,WANDERING,-32.6722,116.6706,26.89,25-50 km,False,,23.9,28.3,8.6,50.6
50770,Boyup Brook,Western Australia,-33.884133,116.519761,009617,BRIDGETOWN,36.57,009617,BRIDGETOWN,-33.9486,116.1311,36.57,25-50 km,False,,22.5,14.1,8.7,30.6
50840,Bridgetown-Greenbushes,Western Australia,-33.992529,116.161286,009617,BRIDGETOWN,5.62,009617,BRIDGETOWN,-33.9486,116.1311,5.62,<=25 km,False,,22.5,14.1,8.7,30.6
50910,Brookton,Western Australia,-32.355312,117.048428,010626,PINGELLY,20.09,010626,PINGELLY,-32.5336,117.0831,20.09,<=25 km,False,,23.5,25.8,10.4,12.5
50980,Broome,Western Australia,-18.214537,122.677572,003102,BROOME WHARF NTC AWS,54.19,003080,CURTIN AERO,-17.5769,123.8297,141.03,>100 km,True,Original station has no accessible BOM climate statistics page,35.6,203.1,21.1,0.0
51080,Broomehill-Tambellup,Western Australia,-34.012799,117.622945,010916,KATANNING,36.41,010916,KATANNING,-33.6856,117.6064,36.41,25-50 km,False,,22.5,18.3,9.6,8.0
51120,Bruce Rock,Western Australia,-31.965049,118.002186,010536,CORRIGIN,42.27,010536,CORRIGIN,-32.3292,117.8733,42.27,25-50 km,False,,23.8,30.2,10.0,27.4
51190,Bunbury,Western Australia,-33.354781,115.666529,009965,BUNBURY,2.04,009965,BUNBURY,-33.3567,115.6447,2.04,<=25 km,False,,23.3,11.0,11.2,7.9
51260,Busselton,Western Australia,-33.684713,115.362833,009603,BUSSELTON AERO,3.69,009603,BUSSELTON AERO,-33.6818,115.4026,3.69,<=25 km,False,,23.2,12.9,10.4,5.6
51310,Cambridge,Western Australia,-31.935397,115.796252,009215,SWANBOURNE,3.97,009215,SWANBOURNE,-31.956,115.7619,3.97,<=25 km,False,,24.1,19.2,14.1,0.0
51330,Canning,Western Australia,-32.049112,115.90222,009172,JANDAKOT AERO,6.17,009172,JANDAKOT AERO,-32.1011,115.8794,6.17,<=25 km,False,,24.7,26.4,11.7,12.9
51400,Capel,Western Australia,-33.526913,115.629797,009534,DONNYBROOK,18.74,009534,DONNYBROOK,-33.5719,115.8247,18.74,<=25 km,False,,23.2,17.3,9.8,12.5
51470,Carnamah,Western Australia,-29.730979,115.966791,008296,MORAWA AIRPORT,58.88,008296,MORAWA AIRPORT,-29.2039,116.0247,58.88,50-100 km,False,,28.4,85.5,12.9,8.0
51540,Carnarvon,Western Australia,-24.465488,114.196449,006011,CARNARVON AIRPORT,70.95,006011,CARNARVON AIRPORT,-24.8878,113.67,70.95,50-100 km,False,,27.4,28.4,17.2,0.0
51610,Chapman Valley,Western Australia,-28.27042,115.11689,008315,GERALDTON AIRPORT,72.09,008315,GERALDTON AIRPORT,-28.8047,114.6989,72.09,50-100 km,False,,27.1,44.1,13.9,0.2
51680,Chittering,Western Australia,-31.357873,116.066324,009178,GINGIN AERO,22.45,009178,GINGIN AERO,-31.4628,115.8642,22.45,<=25 km,False,,25.7,39.6,11.2,18.2
51750,Claremont,Western Australia,-31.981015,115.779167,009215,SWANBOURNE,3.22,009215,SWANBOURNE,-31.956,115.7619,3.22,<=25 km,False,,24.1,19.2,14.1,0.0
51820,Cockburn,Western Australia,-32.127628,115.830362,009172,JANDAKOT AERO,5.48,009172,JANDAKOT AERO,-32.1011,115.8794,5.48,<=25 km,False,,24.7,26.4,11.7,12.9
51890,Collie,Western Australia,-33.265865,116.170907,009994,COLLIE EAST,10.56,009994,COLLIE EAST,-33.3608,116.1717,10.56,<=25 km,False,,23.4,18.9,8.6,39.8
51960,Coolgardie,Western Australia,-31.00808,120.769132,012038,KALGOORLIE-BOULDER AIRPORT,69.85,012038,KALGOORLIE-BOULDER AIRPORT,-30.7847,121.4533,69.85,50-100 km,False,,25.4,42.1,11.8,15.3
52030,Coorow,Western Australia,-29.978779,115.659786,009131,JURIEN BAY,70.68,009131,JURIEN BAY,-30.3081,115.0311,70.68,50-100 km,False,,25.0,22.6,13.2,0.8
52100,Corrigin,Western Australia,-32.37521,117.800173,010536,CORRIGIN,8.57,010536,CORRIGIN,-32.3292,117.8733,8.57,<=25 km,False,,23.8,30.2,10.0,27.4
52170,Cottesloe,Western Australia,-31.99902,115.75676,009215,SWANBOURNE,4.81,009215,SWANBOURNE,-31.956,115.7619,4.81,<=25 km,False,,24.1,19.2,14.1,0.0
52240,Cranbrook,Western Australia,-34.336853,117.343285,009964,ROCKY GULLY,40.13,009964,ROCKY GULLY,-34.5714,117.0106,40.13,25-50 km,False,,21.0,9.3,9.7,2.9
52310,Cuballing,Western Australia,-32.740259,117.146373,010614,NARROGIN,21.79,010614,NARROGIN,-32.9342,117.1797,21.79,<=25 km,False,,22.5,18.8,9.4,19.0
52380,Cue,Western Australia,-27.214071,117.95465,007045,MEEKATHARRA AIRPORT,88.29,007045,MEEKATHARRA AIRPORT,-26.6136,118.5372,88.29,50-100 km,False,,29.2,102.7,16.0,1.1
52450,Cunderdin,Western Australia,-31.609789,117.127255,010286,CUNDERDIN AIRFIELD,9.65,010286,CUNDERDIN AIRFIELD,-31.622,117.2282,9.65,<=25 km,False,,26.2,53.9,10.5,34.9
52520,Dalwallinu,Western Australia,-30.129961,116.945566,008297,DALWALLINU,30.94,008297,DALWALLINU,-30.276,116.6715,30.94,25-50 km,False,,26.5,61.7,11.7,8.1
52590,Dandaragan,Western Australia,-30.541257,115.489029,009131,JURIEN BAY,50.99,009131,JURIEN BAY,-30.3081,115.0311,50.99,50-100 km,False,,25.0,22.6,13.2,0.8
52660,Dardanup,Western Australia,-33.41608,115.855133,009534,DONNYBROOK,17.55,009534,DONNYBROOK,-33.5719,115.8247,17.55,<=25 km,False,,23.2,17.3,9.8,12.5
52730,Denmark,Western Australia,-34.908805,117.136162,009998,NORTH WALPOLE,37.98,009964,ROCKY GULLY,-34.5714,117.0106,39.23,25-50 km,True,Original station climate statistics are incomplete,21.0,9.3,9.7,2.9
52800,Derby-West Kimberley,Western Australia,-17.674179,124.694049,003080,CURTIN AERO,92.24,003080,CURTIN AERO,-17.5769,123.8297,92.24,50-100 km,False,,35.6,203.1,21.1,0.0
52870,Donnybrook-Balingup,Western Australia,-33.702246,115.997114,009534,DONNYBROOK,21.56,009534,DONNYBROOK,-33.5719,115.8247,21.56,<=25 km,False,,23.2,17.3,9.8,12.5
52940,Dowerin,Western Australia,-31.1134,117.088087,008137,WONGAN HILLS,42.99,008137,WONGAN HILLS,-30.8917,116.7186,42.99,25-50 km,False,,25.8,51.0,12.0,4.6
53010,Dumbleyung,Western Australia,-33.217989,117.957982,010911,LAKE GRACE,48.94,010911,LAKE GRACE,-33.1006,118.4647,48.94,25-50 km,False,,23.7,25.7,10.4,15.6
53080,Dundas,Western Australia,-32.125967,123.885783,012009,NORSEMAN AERO,200.82,012009,NORSEMAN AERO,-32.2147,121.7547,200.82,>100 km,False,,25.3,37.0,10.0,37.6
53150,East Fremantle,Western Australia,-32.036554,115.769113,009215,SWANBOURNE,8.98,009215,SWANBOURNE,-31.956,115.7619,8.98,<=25 km,False,,24.1,19.2,14.1,0.0
53220,East Pilbara,Western Australia,-21.617338,124.061421,013030,TELFER AERO,189.75,013030,TELFER AERO,-21.7125,122.2281,189.75,>100 km,False,,34.2,173.0,19.6,0.0
53290,Esperance,Western Australia,-33.293977,122.415429,009542,ESPERANCE AERO,69.57,009542,ESPERANCE AERO,-33.6825,121.8274,69.57,50-100 km,False,,22.3,14.3,11.3,0.0
53360,Exmouth,Western Australia,-22.398517,113.944681,005007,LEARMONTH AIRPORT,23.51,005007,LEARMONTH AIRPORT,-22.2406,114.0967,23.51,<=25 km,False,,32.1,123.5,17.8,0.0
53430,Fremantle,Western Australia,-32.061641,115.775562,009172,JANDAKOT AERO,10.72,009172,JANDAKOT AERO,-32.1011,115.8794,10.72,<=25 km,False,,24.7,26.4,11.7,12.9
53570,Gingin,Western Australia,-31.184348,115.725495,009178,GINGIN AERO,33.65,009178,GINGIN AERO,-31.4628,115.8642,33.65,25-50 km,False,,25.7,39.6,11.2,18.2
53640,Gnowangerup,Western Australia,-34.084759,118.320753,010622,ONGERUP,19.86,010622,ONGERUP,-33.9634,118.4788,19.86,<=25 km,False,,21.8,14.0,9.8,10.1
53710,Goomalling,Western Australia,-31.237179,116.787103,008137,WONGAN HILLS,38.97,008137,WONGAN HILLS,-30.8917,116.7186,38.97,25-50 km,False,,25.8,51.0,12.0,4.6
53780,Gosnells,Western Australia,-32.067462,115.997751,009172,JANDAKOT AERO,11.76,009172,JANDAKOT AERO,-32.1011,115.8794,11.76,<=25 km,False,,24.7,26.4,11.7,12.9
53800,Greater Geraldton,Western Australia,-28.439702,115.756599,008296,MORAWA AIRPORT,88.9,008296,MORAWA AIRPORT,-29.2039,116.0247,88.9,50-100 km,False,,28.4,85.5,12.9,8.0
53920,Halls Creek,Western Australia,-19.001398,127.580216,002079,HALLS CREEK AIRPORT,85.85,015666,RABBIT FLAT,-20.1823,130.0148,286.85,>100 km,True,Original station has no accessible BOM climate statistics page,34.0,175.8,16.6,7.7
53990,Harvey,Western Australia,-33.150375,115.916047,009994,COLLIE EAST,33.36,009994,COLLIE EAST,-33.3608,116.1717,33.36,25-50 km,False,,23.4,18.9,8.6,39.8
54060,Irwin,Western Australia,-29.340736,115.10139,008315,GERALDTON AIRPORT,71.29,008315,GERALDTON AIRPORT,-28.8047,114.6989,71.29,50-100 km,False,,27.1,44.1,13.9,0.2
54130,Jerramungup,Western Australia,-34.024253,119.076017,010905,JACUP,15.48,010905,JACUP,-33.8878,119.1092,15.48,<=25 km,False,,22.2,14.7,9.3,7.9
54170,Joondalup,Western Australia,-31.779727,115.764767,009265,HILLARYS BOAT HARBOUR NTC AWS,5.67,009225,PERTH METRO,-31.9192,115.8728,18.56,<=25 km,True,Original station has no accessible BOM climate statistics page,24.9,26.8,13.0,3.3
54200,Kalamunda,Western Australia,-32.003975,116.102153,009240,BICKLEY,3.3,009240,BICKLEY,-32.0072,116.1369,3.3,<=25 km,False,,22.7,17.9,11.4,0.9
54280,Kalgoorlie-Boulder,Western Australia,-30.789365,125.173813,011019,EYRE,194.06,011019,EYRE,-32.2464,126.3008,194.06,>100 km,False,,23.1,18.0,10.7,37.9
54310,Karratha,Western Australia,-21.123869,116.958382,004090,ROEBOURNE AERO,45.54,004090,ROEBOURNE AERO,-20.7594,117.1583,45.54,25-50 km,False,,34.9,184.9,19.9,0.0
54340,Katanning,Western Australia,-33.624892,117.704325,010916,KATANNING,11.3,010916,KATANNING,-33.6856,117.6064,11.3,<=25 km,False,,22.5,18.3,9.6,8.0
54410,Kellerberrin,Western Australia,-31.576965,117.816994,010092,MERREDIN,45.21,010092,MERREDIN,-31.4756,118.2789,45.21,25-50 km,False,,25.2,43.9,11.5,17.7
54480,Kent,Western Australia,-33.532201,118.538258,010622,ONGERUP,48.26,010622,ONGERUP,-33.9634,118.4788,48.26,25-50 km,False,,21.8,14.0,9.8,10.1
54550,Kojonup,Western Australia,-33.92539,117.055502,010916,KATANNING,57.46,010916,KATANNING,-33.6856,117.6064,57.46,50-100 km,False,,22.5,18.3,9.6,8.0
54620,Kondinin,Western Australia,-32.483978,119.024742,010568,HYDEN,12.75,010568,HYDEN,-32.4419,118.8983,12.75,<=25 km,False,,25.1,43.8,9.9,27.6
54690,Koorda,Western Australia,-30.59246,117.424493,010007,BENCUBBIN,48.07,010007,BENCUBBIN,-30.8081,117.8603,48.07,25-50 km,False,,25.5,48.0,11.7,9.2
54760,Kulin,Western Australia,-32.765774,118.231576,010911,LAKE GRACE,43.12,010911,LAKE GRACE,-33.1006,118.4647,43.12,25-50 km,False,,23.7,25.7,10.4,15.6
54830,Kwinana,Western Australia,-32.233829,115.821726,009256,GARDEN ISLAND HSF,13.01,009256,GARDEN ISLAND HSF,-32.2433,115.6839,13.01,<=25 km,False,,22.8,10.7,15.0,0.0
54900,Lake Grace,Western Australia,-33.127474,119.161257,010692,NEWDEGATE RESEARCH STATION,29.96,010692,NEWDEGATE RESEARCH STATION,-33.1129,118.84,29.96,25-50 km,False,,23.6,24.3,8.8,35.4
54970,Laverton,Western Australia,-27.92631,125.444902,012305,LAVERTON AERO,305.57,012305,LAVERTON AERO,-28.6133,122.4236,305.57,>100 km,False,,27.4,66.8,14.2,7.8
55040,Leonora,Western Australia,-28.385286,121.003003,012241,LEONORA AERO,62.94,012239,BULGA DOWNS,-28.4967,119.7436,123.76,>100 km,True,Original station has no accessible BOM climate statistics page,29.0,94.8,13.8,12.9
55110,Mandurah,Western Australia,-32.515242,115.75459,009977,MANDURAH,4.07,009977,MANDURAH,-32.5219,115.7119,4.07,<=25 km,False,,23.4,11.7,14.8,0.0
55180,Manjimup,Western Australia,-34.593825,116.302423,009968,SHANNON,4.23,009968,SHANNON,-34.5683,116.3367,4.23,<=25 km,False,,20.5,6.2,9.8,4.5
55250,Meekatharra,Western Australia,-25.300721,118.930362,007045,MEEKATHARRA AIRPORT,151.18,007045,MEEKATHARRA AIRPORT,-26.6136,118.5372,151.18,>100 km,False,,29.2,102.7,16.0,1.1
55320,Melville,Western Australia,-32.043482,115.818035,009172,JANDAKOT AERO,8.63,009172,JANDAKOT AERO,-32.1011,115.8794,8.63,<=25 km,False,,24.7,26.4,11.7,12.9
55390,Menzies,Western Australia,-29.371616,125.685833,011052,FORREST,284.93,011052,FORREST,-30.8453,128.1092,284.93,>100 km,False,,26.4,46.2,11.0,12.6
55460,Merredin,Western Australia,-31.459127,118.276121,010092,MERREDIN,1.85,010092,MERREDIN,-31.4756,118.2789,1.85,<=25 km,False,,25.2,43.9,11.5,17.7
55530,Mingenew,Western Australia,-29.143429,115.469067,008296,MORAWA AIRPORT,54.36,008296,MORAWA AIRPORT,-29.2039,116.0247,54.36,50-100 km,False,,28.4,85.5,12.9,8.0
55600,Moora,Western Australia,-30.51667,116.206601,008297,DALWALLINU,52.0,008297,DALWALLINU,-30.276,116.6715,52.0,50-100 km,False,,26.5,61.7,11.7,8.1
55670,Morawa,Western Australia,-29.033301,116.026735,008296,MORAWA AIRPORT,18.97,008296,MORAWA AIRPORT,-29.2039,116.0247,18.97,<=25 km,False,,28.4,85.5,12.9,8.0
55740,Mosman Park,Western Australia,-32.014085,115.766044,009215,SWANBOURNE,6.47,009215,SWANBOURNE,-31.956,115.7619,6.47,<=25 km,False,,24.1,19.2,14.1,0.0
55810,Mount Magnet,Western Australia,-28.275538,117.957222,007600,MOUNT MAGNET AERO,21.04,007600,MOUNT MAGNET AERO,-28.1156,117.8425,21.04,<=25 km,False,,28.8,93.6,15.3,2.4
55880,Mount Marshall,Western Australia,-30.306319,117.876578,010007,BENCUBBIN,55.82,010007,BENCUBBIN,-30.8081,117.8603,55.82,50-100 km,False,,25.5,48.0,11.7,9.2
55950,Mukinbudin,Western Australia,-30.631251,118.29501,010007,BENCUBBIN,45.97,010007,BENCUBBIN,-30.8081,117.8603,45.97,25-50 km,False,,25.5,48.0,11.7,9.2
56090,Mundaring,Western Australia,-31.884455,116.193921,009240,BICKLEY,14.67,009240,BICKLEY,-32.0072,116.1369,14.67,<=25 km,False,,22.7,17.9,11.4,0.9
56160,Murchison,Western Australia,-27.07447,116.302973,007600,MOUNT MAGNET AERO,190.84,007600,MOUNT MAGNET AERO,-28.1156,117.8425,190.84,>100 km,False,,28.8,93.6,15.3,2.4
56230,Murray,Western Australia,-32.623864,116.018212,009538,DWELLINGUP,10.36,009538,DWELLINGUP,-32.7103,116.0594,10.36,<=25 km,False,,22.0,15.3,9.6,18.1
56300,Nannup,Western Australia,-34.134452,115.672745,009842,JARRAHWOOD,37.6,009842,JARRAHWOOD,-33.7964,115.6658,37.6,25-50 km,False,,22.8,14.3,8.7,30.5
56370,Narembeen,Western Australia,-32.018237,118.734918,010568,HYDEN,49.55,010568,HYDEN,-32.4419,118.8983,49.55,25-50 km,False,,25.1,43.8,9.9,27.6
56460,Narrogin,Western Australia,-32.998439,117.273054,010614,NARROGIN,11.26,010614,NARROGIN,-32.9342,117.1797,11.26,<=25 km,False,,22.5,18.8,9.4,19.0
56580,Nedlands,Western Australia,-31.974626,115.802423,009215,SWANBOURNE,4.35,009215,SWANBOURNE,-31.956,115.7619,4.35,<=25 km,False,,24.1,19.2,14.1,0.0
56620,Ngaanyatjarraku,Western Australia,-24.915275,126.834298,013017,GILES METEOROLOGICAL OFFICE,148.43,013017,GILES METEOROLOGICAL OFFICE,-25.0341,128.301,148.43,>100 km,False,,29.6,105.5,15.9,3.5
56730,Northam,Western Australia,-31.699149,116.664861,010111,NORTHAM,5.41,010111,NORTHAM,-31.6508,116.6586,5.41,<=25 km,False,,25.4,46.7,11.0,16.7
56790,Northampton,Western Australia,-27.828183,114.685071,008251,KALBARRI,52.78,008251,KALBARRI,-27.7119,114.165,52.78,50-100 km,False,,27.8,45.9,14.8,0.3
56860,Nungarin,Western Australia,-31.136989,118.25259,010092,MERREDIN,37.73,010092,MERREDIN,-31.4756,118.2789,37.73,25-50 km,False,,25.2,43.9,11.5,17.7
56930,Peppermint Grove,Western Australia,-31.998891,115.766617,009215,SWANBOURNE,4.79,009215,SWANBOURNE,-31.956,115.7619,4.79,<=25 km,False,,24.1,19.2,14.1,0.0
57000,Perenjori,Western Australia,-29.401138,116.473477,008296,MORAWA AIRPORT,48.73,008296,MORAWA AIRPORT,-29.2039,116.0247,48.73,25-50 km,False,,28.4,85.5,12.9,8.0
57080,Perth,Western Australia,-31.965774,115.827071,009215,SWANBOURNE,6.24,009215,SWANBOURNE,-31.956,115.7619,6.24,<=25 km,False,,24.1,19.2,14.1,0.0
57140,Pingelly,Western Australia,-32.531587,117.217804,010626,PINGELLY,12.63,010626,PINGELLY,-32.5336,117.0831,12.63,<=25 km,False,,23.5,25.8,10.4,12.5
57210,Plantagenet,Western Australia,-34.625138,117.512024,009999,ALBANY AIRPORT,44.77,009999,ALBANY AIRPORT,-34.9411,117.8158,44.77,25-50 km,False,,21.1,3.7,10.8,2.3
57280,Port Hedland,Western Australia,-20.966523,118.450557,004032,PORT HEDLAND AIRPORT,68.69,004032,PORT HEDLAND AIRPORT,-20.3725,118.6317,68.69,50-100 km,False,,33.4,141.6,19.6,0.0
57350,Quairading,Western Australia,-32.015312,117.449556,010286,CUNDERDIN AIRFIELD,48.48,010286,CUNDERDIN AIRFIELD,-31.622,117.2282,48.48,25-50 km,False,,26.2,53.9,10.5,34.9
57420,Ravensthorpe,Western Australia,-33.683813,120.161479,010633,RAVENSTHORPE,15.72,010633,RAVENSTHORPE,-33.5803,120.0458,15.72,<=25 km,False,,22.8,17.0,10.5,1.9
57490,Rockingham,Western Australia,-32.35367,115.796744,009256,GARDEN ISLAND HSF,16.22,009256,GARDEN ISLAND HSF,-32.2433,115.6839,16.22,<=25 km,False,,22.8,10.7,15.0,0.0
57630,Sandstone,Western Australia,-28.407743,119.24653,012239,BULGA DOWNS,49.59,012239,BULGA DOWNS,-28.4967,119.7436,49.59,25-50 km,False,,29.0,94.8,13.8,12.9
57700,Serpentine-Jarrahdale,Western Australia,-32.325054,116.046449,009172,JANDAKOT AERO,29.45,009172,JANDAKOT AERO,-32.1011,115.8794,29.45,25-50 km,False,,24.7,26.4,11.7,12.9
57770,Shark Bay,Western Australia,-26.403652,114.783555,006105,SHARK BAY AIRPORT,133.15,006105,SHARK BAY AIRPORT,-25.8925,113.5772,133.15,>100 km,False,,29.2,57.4,16.5,0.0
57840,South Perth,Western Australia,-31.998909,115.870523,009225,PERTH METRO,8.87,009225,PERTH METRO,-31.9192,115.8728,8.87,<=25 km,False,,24.9,26.8,13.0,3.3
57910,Stirling,Western Australia,-31.890282,115.823143,009225,PERTH METRO,5.68,009225,PERTH METRO,-31.9192,115.8728,5.68,<=25 km,False,,24.9,26.8,13.0,3.3
57980,Subiaco,Western Australia,-31.953287,115.817734,009215,SWANBOURNE,5.28,009215,SWANBOURNE,-31.956,115.7619,5.28,<=25 km,False,,24.1,19.2,14.1,0.0
58050,Swan,Western Australia,-31.766365,116.082324,009021,PERTH AIRPORT M.O.,20.52,009021,PERTH AIRPORT M.O.,-31.9275,115.9764,20.52,<=25 km,False,,24.7,28.7,12.2,2.5
58190,Tammin,Western Australia,-31.603542,117.477669,010286,CUNDERDIN AIRFIELD,23.71,010286,CUNDERDIN AIRFIELD,-31.622,117.2282,23.71,<=25 km,False,,26.2,53.9,10.5,34.9
58260,Three Springs,Western Australia,-29.509974,115.635844,008296,MORAWA AIRPORT,50.78,008296,MORAWA AIRPORT,-29.2039,116.0247,50.78,50-100 km,False,,28.4,85.5,12.9,8.0
58330,Toodyay,Western Australia,-31.468714,116.382318,010111,NORTHAM,33.09,010111,NORTHAM,-31.6508,116.6586,33.09,25-50 km,False,,25.4,46.7,11.0,16.7
58400,Trayning,Western Australia,-31.168274,117.803387,010007,BENCUBBIN,40.42,010007,BENCUBBIN,-30.8081,117.8603,40.42,25-50 km,False,,25.5,48.0,11.7,9.2
58470,Upper Gascoyne,Western Australia,-24.745178,116.527317,007185,PARABURDOO AERO,214.46,007185,PARABURDOO AERO,-23.1726,117.7493,214.46,>100 km,False,,33.8,167.5,18.5,0.1
58510,Victoria Park,Western Australia,-31.976666,115.904992,009225,PERTH METRO,7.08,009225,PERTH METRO,-31.9192,115.8728,7.08,<=25 km,False,,24.9,26.8,13.0,3.3
58540,Victoria Plains,Western Australia,-31.016066,116.276366,008137,WONGAN HILLS,44.38,008137,WONGAN HILLS,-30.8917,116.7186,44.38,25-50 km,False,,25.8,51.0,12.0,4.6
58570,Vincent,Western Australia,-31.931425,115.852184,009225,PERTH METRO,2.37,009225,PERTH METRO,-31.9192,115.8728,2.37,<=25 km,False,,24.9,26.8,13.0,3.3
58610,Wagin,Western Australia,-33.277894,117.378868,010647,WAGIN,4.87,010647,WAGIN,-33.3075,117.3403,4.87,<=25 km,False,,23.0,20.6,9.8,15.0
58680,Wandering,Western Australia,-32.525637,116.624994,010917,WANDERING,16.85,010917,WANDERING,-32.6722,116.6706,16.85,<=25 km,False,,23.9,28.3,8.6,50.6
58760,Wanneroo,Western Australia,-31.652828,115.784352,009265,HILLARYS BOAT HARBOUR NTC AWS,19.69,009178,GINGIN AERO,-31.4628,115.8642,22.44,<=25 km,True,Original station has no accessible BOM climate statistics page,25.7,39.6,11.2,18.2
58820,Waroona,Western Australia,-32.849164,115.908493,009538,DWELLINGUP,20.92,009538,DWELLINGUP,-32.7103,116.0594,20.92,<=25 km,False,,22.0,15.3,9.6,18.1
58890,West Arthur,Western Australia,-33.439265,116.739295,009994,COLLIE EAST,53.41,009994,COLLIE EAST,-33.3608,116.1717,53.41,50-100 km,False,,23.4,18.9,8.6,39.8
59030,Westonia,Western Australia,-30.876277,118.718147,012320,SOUTHERN CROSS AIRFIELD,72.73,012320,SOUTHERN CROSS AIRFIELD,-31.2353,119.3564,72.73,50-100 km,False,,26.0,52.3,10.6,40.6
59100,Wickepin,Western Australia,-32.820913,117.652865,010614,NARROGIN,45.95,010614,NARROGIN,-32.9342,117.1797,45.95,25-50 km,False,,22.5,18.8,9.4,19.0
59170,Williams,Western Australia,-33.052177,116.786535,010614,NARROGIN,38.94,010614,NARROGIN,-32.9342,117.1797,38.94,25-50 km,False,,22.5,18.8,9.4,19.0
59250,Wiluna,Western Australia,-25.384161,122.376956,013015,CARNEGIE,75.51,013015,CARNEGIE,-25.7964,122.9753,75.51,50-100 km,False,,30.8,116.4,15.4,8.3
59310,Wongan-Ballidu,Western Australia,-30.731458,116.847462,008137,WONGAN HILLS,21.65,008137,WONGAN HILLS,-30.8917,116.7186,21.65,<=25 km,False,,25.8,51.0,12.0,4.6
59320,Woodanilling,Western Australia,-33.51994,117.310969,010647,WAGIN,23.78,010647,WAGIN,-33.3075,117.3403,23.78,<=25 km,False,,23.0,20.6,9.8,15.0
59330,Wyalkatchem,Western Australia,-31.196397,117.433264,010286,CUNDERDIN AIRFIELD,51.17,010286,CUNDERDIN AIRFIELD,-31.622,117.2282,51.17,50-100 km,False,,26.2,53.9,10.5,34.9
59340,Wyndham-East Kimberley,Western Australia,-15.538541,127.101759,001025,DOONGAN,86.53,001025,DOONGAN,-15.3797,126.3114,86.53,50-100 km,False,,33.2,107.5,18.5,0.1
59350,Yalgoo,Western Australia,-28.478108,116.891494,007600,MOUNT MAGNET AERO,101.46,007600,MOUNT MAGNET AERO,-28.1156,117.8425,101.46,>100 km,False,,28.8,93.6,15.3,2.4
59360,Yilgarn,Western Australia,-30.908823,119.480066,012320,SOUTHERN CROSS AIRFIELD,38.17,012320,SOUTHERN CROSS AIRFIELD,-31.2353,119.3564,38.17,25-50 km,False,,26.0,52.3,10.6,40.6
59370,York,Western Australia,-31.917092,116.770784,010311,YORK,2.01,010311,YORK,-31.8997,116.765,2.01,<=25 km,False,,25.8,49.7,9.6,43.3
