LGA_Name,State,Cluster,Silhouette,Risk_SEIFA,Risk_Unemployment,Risk_Rental,Risk_One_Parent,Risk_Age_65_Plus,Risk_Remoteness,Risk_Climate
string,ACT NSW NT OT QLD SA TAS VIC WA,C1 C2,continuous,continuous,continuous,continuous,continuous,continuous,continuous,continuous
meta,meta,meta,meta,,,,,,,
Albury,NSW,C2,0.676017,55.5556,11.1111,29.0994,29.6175,41.1372,25,24.5385
Armidale Regional,NSW,C2,0.646128,44.4444,12.2685,30.1731,27.3318,39.7247,47.5113,53.4745
Blue Mountains,NSW,C2,0.687606,11.1111,9.02778,11.7621,23.813,47.7307,22.3362,21.8784
Campbelltown (NSW),NSW,C2,0.647421,77.7778,14.5833,29.2654,32.4931,26.7701,9.10419,6.25308
Ballina,NSW,C2,0.684735,22.2222,7.87037,21.368,26.8716,58.3079,25,0.837026
Maitland,NSW,C2,0.676923,44.4444,10.8796,24.8118,28.9146,31.8832,11.3372,8.61645
Liverpool,NSW,C2,0.644492,77.7778,15.2778,30.6284,29.7207,22.8094,6.71441,6.25308
Balranald,NSW,C2,0.677061,66.6667,7.63889,18.5061,22.5483,43.3077,71.4189,23.0428
Central Coast (NSW),NSW,C2,0.68357,33.3333,10.8796,22.2529,30.6874,47.159,17.0204,4.48055
Cessnock,NSW,C2,0.658654,77.7778,12.963,22.0419,35.3051,35.2803,22.8759,8.30619
Bathurst Regional,NSW,C2,0.66315,33.3333,9.49074,25.3153,29.5606,38.7168,33.9733,45.0054
Greater Hume Shire,NSW,C2,0.692179,33.3333,6.71296,9.06435,21.6958,46.8137,36.1514,24.5385
Bayside (NSW),NSW,C2,0.666096,33.3333,12.7315,38.1974,23.7742,30.3263,0,2.70803
Kempsey,NSW,C2,0.659755,88.8889,16.6667,18.4993,33.9235,56.4194,38.7751,8.95765
Bega Valley,NSW,C2,0.68591,44.4444,8.10185,14.8244,22.8296,62.6435,50,28.2845
Inner West,NSW,C2,0.661068,0,9.9537,40.0538,21.8067,28.5332,0,3.20039
Inverell,NSW,C2,0.640809,88.8889,14.3519,22.1139,30.5622,48.4871,50,46.0912
Bellingen,NSW,C2,0.685674,44.4444,12.2685,16.223,29.872,57.8235,38.4525,10.2606
Camden,NSW,C2,0.667032,11.1111,8.10185,19.3505,22.9192,19.0851,2.46611,6.25308
Berrigan,NSW,C2,0.68175,55.5556,7.17593,13.614,20.5092,70.9818,42.6889,24.81
Cabonne,NSW,C2,0.685482,22.2222,6.01852,9.38106,18.6187,45.8124,42.4267,33.7676
Hawkesbury,NSW,C2,0.685889,22.2222,7.40741,18.5018,25.171,34.3,32.8509,17.7524
Blacktown,NSW,C2,0.660694,44.4444,13.4259,29.6605,26.4765,21.6081,0,7.23781
Cumberland,NSW,C2,0.628396,88.8889,19.213,39.516,25.7014,23.9566,0,5.46529
Bland,NSW,C2,0.690213,33.3333,6.71296,12.0172,22.176,48.7085,53.0731,25.0814
Parramatta,NSW,C2,0.657096,11.1111,13.1944,42.2018,20.6808,25.0615,0,5.46529
Blayney,NSW,C2,0.667832,44.4444,9.9537,16.0124,24.4227,42.5111,32.2315,51.0315
Lismore,NSW,C2,0.675025,55.5556,11.8056,21.8828,34.5916,44.0368,25,5.46529
Hornsby,NSW,C2,0.681928,0,9.49074,17.5601,18.1328,37.7384,17.1937,2.31413
Bogan,NSW,C2,0.675526,55.5556,8.10185,22.0819,22.5705,42.5531,76.1112,23.6829
The Hills Shire,NSW,C2,0.677263,0,9.49074,14.5882,16.0675,30.2412,14.1325,17.7524
Bourke,NSW,C2,0.598375,77.7778,6.25,29.4763,31.7009,31.6664,100,40.3742
Brewarrina,NSW,C1,0.539931,100,16.4352,46.6262,48.9796,31.4648,98.8293,40.3742
Canterbury-Bankstown,NSW,C2,0.640707,88.8889,16.6667,33.8212,29.9875,30.6802,0,3.20039
Broken Hill,NSW,C2,0.642469,88.8889,12.7315,18.3171,37.7536,49.4284,50,32.9887
Wollongong,NSW,C2,0.682639,33.3333,11.3426,26.0615,26.9555,38.9849,15.2669,0.984737
Burwood,NSW,C2,0.65362,55.5556,16.4352,43.5172,23.4882,31.4137,0,3.20039
Lithgow,NSW,C2,0.674529,77.7778,12.7315,18.6437,30.743,52.3516,38.6107,21.8784
Byron,NSW,C2,0.679099,22.2222,11.8056,25.3883,29.5215,38.8317,25,0
Fairfield,NSW,C2,0.618455,100,20.1389,33.7632,36.7885,34.754,0,7.23781
Dubbo Regional,NSW,C2,0.671556,44.4444,8.33333,26.6487,29.9775,35.8731,49.1788,28.3931
Kiama,NSW,C2,0.682795,0,7.87037,11.7467,16.8838,59.5376,22.1644,5.59175
Canada Bay,NSW,C2,0.671691,0,9.49074,33.5386,20.1245,34.9379,0,5.26834
Port Macquarie-Hastings,NSW,C2,0.685565,44.4444,11.1111,20.6188,26.0416,63.039,38.2655,5.12063
Hunters Hill,NSW,C2,0.680902,0,7.63889,19.476,17.3107,50.9873,0,5.26834
Carrathool,NSW,C2,0.67222,55.5556,6.71296,22.8174,22.4478,31.7344,68.1881,19.9902
Lake Macquarie,NSW,C2,0.686992,33.3333,10.6481,17.6466,27.9416,46.7393,8.82101,8.30619
Central Darling,NSW,C1,0.453769,100,15.2778,32.3107,43.352,42.3918,100,36.9769
Georges River,NSW,C2,0.67812,22.2222,12.037,28.574,23.5342,35.9691,0,3.20039
Lane Cove,NSW,C2,0.668711,0,8.33333,32.8332,17.7039,29.2578,0,5.26834
Clarence Valley,NSW,C2,0.675541,77.7778,14.3519,18.2053,28.6351,59.0397,41.1208,6.40079
Ku-ring-gai,NSW,C2,0.679894,0,9.72222,13.8948,17.7315,40.6236,0,2.31413
Cobar,NSW,C2,0.64889,55.5556,7.40741,26.9635,25.6,34.6986,92.3506,26.6864
Coffs Harbour,NSW,C2,0.681239,55.5556,12.2685,24.3552,29.917,49.3304,25,1.57438
Eurobodalla,NSW,C2,0.682257,44.4444,9.49074,16.8275,24.3435,71.4947,41.7199,15.6895
Coolamon,NSW,C2,0.68251,44.4444,8.10185,9.94529,20.6496,50.3691,45.3481,40.3909
Snowy Monaro Regional,NSW,C2,0.633956,22.2222,6.48148,18.3549,21.3393,41.5121,45.3836,77.0358
Northern Beaches,NSW,C2,0.679579,0,7.40741,21.6191,18.9686,38.0005,4.48347,2.31413
Coonamble,NSW,C2,0.596215,100,15.5093,24.6042,40.9217,40.5697,74.8612,26.8341
Nambucca Valley,NSW,C2,0.66398,88.8889,15.7407,17.4217,30.7202,65.2029,34.5316,8.95765
Cootamundra-Gundagai Regional,NSW,C2,0.668283,66.6667,9.49074,16.0843,23.3708,60.9519,38.0744,47.7199
Goulburn Mulwaree,NSW,C2,0.658734,55.5556,9.9537,23.7726,28.0019,44.0493,30.2799,51.5201
Cowra,NSW,C2,0.670904,77.7778,11.8056,19.6609,27.6777,57.196,45.2531,33.6048
Queanbeyan-Palerang Regional,NSW,C2,0.654364,0,7.17593,21.1092,21.4603,27.2573,33.8859,49.24
Lockhart,NSW,C2,0.688849,55.5556,6.71296,8.68945,22.8571,51.5829,47.9178,27.0358
Dungog,NSW,C2,0.6923,22.2222,7.63889,8.69531,20.2392,46.8931,36.8559,8.61645
Upper Lachlan Shire,NSW,C2,0.685053,22.2222,6.94444,6.13011,17.1501,53.551,34.7348,34.0934
Hilltops,NSW,C2,0.6645,66.6667,10.1852,17.8527,26.1049,51.3843,39.9223,49.4028
Edward River,NSW,C2,0.690428,55.5556,8.33333,19.3932,22,53.2398,49.597,22.4213
Federation,NSW,C2,0.685293,55.5556,7.87037,14.4768,21.8223,66.0184,44.2954,24.81
Forbes,NSW,C2,0.680649,55.5556,8.56481,21.6008,28.5667,49.2993,50,30.0217
Gilgandra,NSW,C2,0.675787,77.7778,10.8796,18.3909,30.0544,51.6603,50,6.79468
Junee,NSW,C2,0.655814,77.7778,10.1852,19.5419,26.6128,40.8072,38.459,47.7199
Glen Innes Severn,NSW,C2,0.635474,88.8889,14.8148,19.0417,28.3928,61.0757,49.9538,56.5147
Mid-Coast,NSW,C2,0.668973,77.7778,14.1204,16.8259,27.4905,72.3408,34.8609,3.49581
Griffith,NSW,C2,0.678906,55.5556,6.94444,27.5594,23.9173,34.3297,50,18.2669
Gunnedah,NSW,C2,0.682945,55.5556,9.72222,23.4839,27.5895,39.8477,50,11.5214
Richmond Valley,NSW,C2,0.669661,88.8889,10.8796,20.1562,30.9619,53.8435,34.6688,7.77942
Gwydir,NSW,C2,0.685374,66.6667,9.72222,12.1109,24.5399,61.275,50,15.6895
Lachlan,NSW,C2,0.663838,77.7778,12.037,22.2211,25.4594,45.4375,72.1136,28.013
Hay,NSW,C2,0.67223,66.6667,8.7963,21.0656,26.7385,49.3179,74.9763,23.0428
Kyogle,NSW,C2,0.669213,88.8889,13.4259,13.3867,29.7087,57.2613,39.0658,1.42787
Liverpool Plains,NSW,C2,0.670008,88.8889,13.6574,18.7796,27.7686,52.8146,49.9732,5.48317
Leeton,NSW,C2,0.6718,77.7778,8.7963,22.6732,27.6978,37.4644,50,18.2669
Mid-Western Regional,NSW,C2,0.675975,55.5556,9.25926,18.9213,24.1176,43.696,49.799,40.3366
Murrumbidgee,NSW,C2,0.692134,44.4444,7.17593,17.3296,23.8532,46.1109,50,18.2669
Moree Plains,NSW,C2,0.64653,77.7778,8.7963,29.7272,31.8072,34.3908,64.8249,22.5997
Tamworth Regional,NSW,C2,0.669829,66.6667,10.4167,26.1669,30.397,41.8074,47.5996,28.1216
Mosman,NSW,C2,0.677708,0,8.33333,28.3894,17.8583,46.4483,0,2.70803
Murray River,NSW,C2,0.688225,33.3333,7.40741,12.7224,16.9482,61.5664,53.4499,20.5755
Muswellbrook,NSW,C2,0.652959,77.7778,11.8056,29.5514,30.4311,30.5552,40.288,22.9642
North Sydney,NSW,C2,0.65726,0,8.10185,48.8421,17.9188,34.4826,0,3.20039
Narrabri,NSW,C2,0.676108,66.6667,9.25926,24.0579,26.2328,40.333,56.9248,24.126
Narrandera,NSW,C2,0.663625,88.8889,12.037,18.9591,31.2799,49.8107,50,24.3214
Narromine,NSW,C2,0.681003,66.6667,10.1852,18.4923,29.5035,46.1191,50,19.6526
Newcastle,NSW,C2,0.671914,22.2222,11.3426,32.1844,27.8137,35.1848,0,1.72329
Oberon,NSW,C2,0.691642,55.5556,8.10185,14.7563,24.4693,53.2775,36.3094,21.8784
Orange,NSW,C2,0.673449,33.3333,8.10185,27.7927,28.6695,37.456,25,33.7676
Parkes,NSW,C2,0.670829,77.7778,11.8056,22.3918,30.7088,43.8119,50,16.7898
Penrith,NSW,C2,0.663905,44.4444,10.6481,28.68,31.1305,26.1144,4.15768,10.7336
Port Stephens,NSW,C2,0.688385,44.4444,11.5741,19.3812,26.3808,55.5974,21.4972,4.97292
Randwick,NSW,C2,0.66052,0,9.9537,42.8512,22.4617,32.0642,0,2.70803
Ryde,NSW,C2,0.665083,0,11.8056,37.5473,19.7296,30.8138,0,5.26834
Shellharbour,NSW,C2,0.680733,44.4444,9.9537,21.4632,29.8496,38.308,8.10418,5.59175
Shoalhaven,NSW,C2,0.68678,44.4444,11.3426,18.736,25.9734,60.4931,25,3.39734
Singleton,NSW,C2,0.683516,33.3333,8.56481,19.3394,23.4348,29.3154,37.2143,8.61645
Strathfield,NSW,C2,0.655468,22.2222,14.8148,42.6357,19.3885,24.0461,0,3.20039
Snowy Valleys,NSW,C2,0.636885,66.6667,9.9537,18.6851,25.2738,49.528,47.0706,68.4582
Sutherland Shire,NSW,C2,0.683459,0,7.17593,16.6133,20.7472,39.3302,15.092,6.25308
Sydney,NSW,C2,0.625996,11.1111,12.963,62.0869,15.7893,18.4239,0,2.70803
Unincorporated NSW,NSW,C2,0.665414,11.1111,5.78704,18.2727,15.2988,43.2073,86.6177,32.9887
Temora,NSW,C2,0.6772,55.5556,6.48148,16.9816,24.0246,58.853,50,40.3909
Tenterfield,NSW,C2,0.66348,88.8889,15.9722,12.1836,25.1556,71.3846,50,1.42787
Tweed,NSW,C2,0.685179,44.4444,11.5741,18.7616,28.4535,57.2709,21.6355,2.16642
Upper Hunter Shire,NSW,C2,0.689734,55.5556,7.40741,18.6768,21.9838,44.5735,48.6566,23.3985
Uralla,NSW,C2,0.685689,44.4444,9.72222,11.5812,23.6255,49.1299,46.9106,34.6363
Wagga Wagga,NSW,C2,0.67592,44.4444,9.25926,27.9515,27.7983,34.2708,33.6846,27.0358
Walcha,NSW,C2,0.660331,33.3333,6.94444,14.0017,14.2439,63.5005,50,59.5548
Walgett,NSW,C2,0.62202,88.8889,15.5093,26.1253,34.6245,46.3246,77.021,33.9734
Warren,NSW,C2,0.675984,66.6667,10.6481,17.4914,23.552,49.7518,72.0716,26.8341
Warrumbungle Shire,NSW,C2,0.668989,88.8889,14.1204,15.1392,26.9982,61.8902,52.8161,6.79468
Waverley,NSW,C2,0.654555,0,8.56481,45.6667,18.2928,25.8981,0,2.70803
Weddin,NSW,C2,0.683547,66.6667,10.8796,12.2655,20.841,64.9135,50,20.5755
Wentworth,NSW,C2,0.676078,55.5556,9.72222,13.7561,20.1674,43.8884,74.693,31.1177
Willoughby,NSW,C2,0.669875,0,10.1852,34.1858,20.0879,32.9519,0,5.26834
Wingecarribee,NSW,C2,0.68445,11.1111,6.94444,13.3639,21.1461,60.1601,25.8399,26.873
Wollondilly,NSW,C2,0.683366,11.1111,6.71296,10.0287,20.7908,31.252,23.8861,10.7336
Woollahra,NSW,C2,0.675328,0,7.63889,32.4461,19.08,44.1826,0,2.70803
Yass Valley,NSW,C2,0.683676,0,6.48148,9.36123,18.3835,38.3513,24.5526,15.4723
Alpine,VIC,C2,0.613867,11.1111,4.86111,13.1417,18.7116,56.2132,44.655,100
Ararat,VIC,C2,0.686934,66.6667,7.87037,15.8903,25.8863,52.9675,40.0961,23.5071
Alice Springs,NT,C2,0.599141,33.3333,8.10185,39.3178,29.7441,18.2781,75,45.938
Ballarat,VIC,C2,0.679758,44.4444,10.8796,26.7543,30.7903,39.7185,25,18.2953
Moyne,VIC,C2,0.689064,11.1111,5.32407,9.27589,19.401,46.698,38.4067,8.7405
Barkly,NT,C1,0.612958,100,27.7778,57.1703,45.4799,12.8548,100,65.288
Banyule,VIC,C2,0.678929,0,9.9537,20.4092,23.5504,39.4624,0,7.65472
Belyuen,NT,C1,0.615448,100,34.7222,96.3381,74.4186,10.1928,75,6.84392
Bass Coast,VIC,C2,0.687131,33.3333,8.7963,14.8241,23.4062,63.9271,25,3.25733
Baw Baw,VIC,C2,0.610564,33.3333,8.7963,12.7187,23.7329,45.5278,30.4861,96.6884
Central Desert,NT,C1,0.62766,100,42.8241,70.5205,45.7143,10.0714,100,86.5583
Bayside (Vic.),VIC,C2,0.681444,0,9.02778,16.6081,19.9456,44.7862,0,4.8317
Benalla,VIC,C2,0.678925,55.5556,7.87037,16.1187,25.1028,64.0827,28.6522,36.1564
Coomalie,NT,C2,0.613752,88.8889,17.8241,19.518,30.7925,50.5167,75,54.8006
Boroondara,VIC,C2,0.67816,0,9.9537,23.6642,19.8695,38.2164,0,4.52979
Brimbank,VIC,C2,0.646521,88.8889,18.287,21.4151,32.7794,33.6159,0,4.92368
Gannawarra,VIC,C2,0.684124,66.6667,8.10185,11.9853,21.2245,65.6682,50,12.5062
Buloke,VIC,C2,0.687706,55.5556,7.87037,8.91854,19.8388,62.2844,50,21.9327
Campaspe,VIC,C2,0.687929,66.6667,8.10185,16.3115,25.5321,53.247,25.7277,17.481
Cardinia,VIC,C2,0.676237,22.2222,9.9537,17.4007,24.9236,25.0991,17.4748,2.00869
East Arnhem,NT,C1,0.616712,100,60.6481,78.0597,51.2789,5.70489,100,3.84047
Casey,VIC,C2,0.669232,33.3333,13.1944,17.6216,23.7523,21.1669,2.43617,4.8317
Central Goldfields,VIC,C2,0.663745,88.8889,13.6574,15.1684,31.1412,67.4471,25,18.2953
Katherine,NT,C1,0.480716,66.6667,9.02778,49.8646,27.5966,16.6107,75,74.643
Hepburn,VIC,C2,0.685852,22.2222,9.25926,8.35316,21.6178,60.5495,25,28.013
Colac Otway,VIC,C2,0.691407,55.5556,6.71296,15.6147,23.1936,51.1899,31.5979,4.08666
Corangamite,VIC,C2,0.694161,44.4444,6.01852,11.809,22.1304,52.9718,38.2622,17.8067
Glenelg,VIC,C2,0.687753,66.6667,10.1852,13.4058,24.0452,55.4261,50,11.4007
Darebin,VIC,C2,0.670159,22.2222,12.2685,33.8968,24.4388,30.0552,0,7.65472
East Gippsland,VIC,C2,0.67673,66.6667,10.1852,13.6475,23.129,67.0613,58.2586,28.4473
Unincorporated Vic,VIC,C2,0.658482,22.2222,3.00926,27.2413,26.3291,18.1731,49.4818,0.984737
Frankston,VIC,C2,0.672354,33.3333,10.6481,22.8823,32.2937,34.4349,0,4.8317
Roper Gulf,NT,C1,0.61638,100,31.713,65.5795,44.0614,10.3067,100,95.3717
Glen Eira,VIC,C2,0.673405,0,9.72222,29.1408,20.7432,33.5797,0,4.52979
Golden Plains,VIC,C2,0.680421,11.1111,7.17593,0.194513,17.0905,31.4876,25,12.7036
Greater Bendigo,VIC,C2,0.68142,44.4444,9.72222,21.5956,28.7277,41.8178,25,30.2389
Greater Dandenong,VIC,C2,0.644582,88.8889,16.8981,30.4164,30.4917,32.3152,0,4.8317
Unincorporated NT,NT,C2,0.596927,11.1111,5.32407,48.0091,14.1697,13.9306,76.6941,54.8006
Greater Geelong,VIC,C2,0.687528,22.2222,10.1852,22.8523,26.073,41.3068,18.5694,10.2606
Greater Shepparton,VIC,C2,0.673019,77.7778,10.6481,22.6489,27.9404,40.2747,25,24.5385
Hindmarsh,VIC,C2,0.679942,77.7778,8.56481,10.4584,19.1029,60.7306,60.787,14.8751
Hobsons Bay,VIC,C2,0.678198,22.2222,12.037,24.2765,25.4109,33.2205,0,8.46906
Wagait,NT,C2,0.68098,44.4444,11.8056,6.69894,17.479,56.4036,75,6.84392
Horsham,VIC,C2,0.684022,44.4444,7.17593,19.3427,25.2169,45.0066,50,32.6276
Hume,VIC,C2,0.650134,77.7778,17.3611,19.77,27.0429,21.3387,4.27002,4.92368
Indigo,VIC,C2,0.677986,11.1111,5.78704,8.86027,18.7557,50.4824,25,41.7481
Wangaratta,VIC,C2,0.684132,44.4444,6.71296,16.5476,25.7263,51.5998,34.3596,36.1564
Kingston (Vic.),VIC,C2,0.681359,11.1111,9.9537,19.6716,24.6176,38.7982,0,4.8317
Knox,VIC,C2,0.68148,11.1111,10.1852,15.5215,24.0859,37.2631,0,5.59175
Christmas Island,WA,C2,0.62572,55.5556,3.00926,44.9389,18.4407,26.9303,100,0
Latrobe (Vic.),VIC,C2,0.66854,77.7778,15.2778,20.0474,31.9605,44.6722,25,20.4126
Loddon,VIC,C2,0.680044,77.7778,11.3426,5.42597,20.1926,62.6819,42.4642,21.9327
Cocos Islands,WA,C2,0.587911,100,5.55556,65.4416,7.27273,35.3372,100,0
Macedon Ranges,VIC,C2,0.683707,0,7.40741,7.05025,19.2968,40.0923,25,6.13464
Manningham,VIC,C2,0.681369,0,12.037,14.5123,21.11,47.3383,1.57189,7.65472
Mansfield,VIC,C2,0.620679,11.1111,4.62963,9.58173,18.4662,55.7108,49.8744,94.4083
Maribyrnong,VIC,C2,0.655055,22.2222,13.1944,38.9786,24.641,21.2835,0,4.52979
Aurukun,QLD,C1,0.638481,100,38.1944,92.7754,55.5725,6.55614,100,34.8597
Maroondah,VIC,C2,0.680754,11.1111,9.25926,18.7862,24.702,36.5936,0,5.59175
Melbourne,VIC,C2,0.609251,22.2222,17.5926,65.4753,16.013,13.0701,0,4.52979
Balonne,QLD,C2,0.629059,77.7778,10.4167,28.9534,25.9381,34.2896,88.7138,35.1551
Melton,VIC,C2,0.659509,44.4444,15.0463,17.003,26.9994,17.1086,5.36424,4.92368
Mildura,VIC,C2,0.667212,77.7778,12.037,24.8193,29.3625,41.2216,57.1431,16.1989
Banana,QLD,C2,0.678116,33.3333,6.48148,25.0236,18.8736,33.4007,64.2225,18.8085
Mitchell,VIC,C2,0.68272,33.3333,10.4167,14.9219,26.786,30.6102,24.5066,6.13464
Moira,VIC,C2,0.685497,66.6667,8.10185,14.9108,24.5717,59.0843,29.5862,24.81
Barcaldine,QLD,C2,0.6406,33.3333,5.32407,20.1455,22.1326,42.223,100,50.7632
Monash,VIC,C2,0.678875,11.1111,13.4259,25.1868,22.0773,38.136,0,4.8317
Moonee Valley,VIC,C2,0.678026,11.1111,10.6481,27.4299,22.8981,35.9197,0,4.92368
Barcoo,QLD,C2,0.623497,44.4444,3.93519,28.3192,14.5455,36.482,100,59.5273
Moorabool,VIC,C2,0.687691,22.2222,8.56481,11.0906,24.4122,35.2126,24.7795,12.7036
Moreland,VIC,C2,0.668062,22.2222,11.5741,34.0066,22.9856,26.8781,0,4.52979
Blackall Tambo,QLD,C2,0.65528,66.6667,5.55556,21.9067,17.5723,56.1762,100,32.2009
Mornington Peninsula,VIC,C2,0.684132,11.1111,7.63889,12.6665,23.7881,58.6325,8.5792,6.51466
Mount Alexander,VIC,C2,0.683894,22.2222,8.7963,8.71139,25.3698,61.389,25,28.013
Boulia,QLD,C1,0.519768,100,9.9537,34.6698,38.2609,24.845,100,81.0931
Murrindindi,VIC,C2,0.692302,33.3333,8.33333,7.03612,20.8155,55.9239,30.2734,8.68621
Nillumbik,VIC,C2,0.675539,0,8.10185,2.07299,18.4424,34.3032,14.9585,28.2845
Brisbane,QLD,C2,0.668589,11.1111,11.5741,34,23.0351,27.252,14.2379,1.92024
Northern Grampians,VIC,C2,0.688199,66.6667,8.7963,14.224,22.8275,57.8914,48.3246,16.3409
Port Phillip,VIC,C2,0.651973,0,10.4167,48.3027,19.8252,27.3446,0,4.52979
Bulloo,QLD,C2,0.597203,44.4444,2.08333,36.2421,15.7746,21.491,100,59.5273
Pyrenees,VIC,C2,0.685542,66.6667,8.7963,5.1609,23.8723,58.7905,30.2895,21.8241
Queenscliffe,VIC,C2,0.654007,0,6.94444,8.02672,14.2373,100,25,4.43131
Bundaberg,QLD,C2,0.668628,88.8889,15.7407,21.8503,28.0043,55.7462,35.5196,16.642
South Gippsland,VIC,C2,0.691568,33.3333,7.40741,8.96868,21.0157,57.1087,31.547,4.88599
Southern Grampians,VIC,C2,0.692385,33.3333,6.94444,13.9613,22.4014,55.3296,49.2548,14.7123
Burdekin,QLD,C2,0.686887,55.5556,7.87037,19.6826,22.4225,50.7413,58.4577,3.05268
Stonnington,VIC,C2,0.665509,0,9.49074,41.1961,18.4584,35.2737,0,4.52979
Strathbogie,VIC,C2,0.684569,44.4444,7.87037,11.2846,23.4947,68.1275,25,22.8556
Burke,QLD,C2,0.591808,77.7778,6.94444,32.8242,12.973,28.0409,100,62.4323
Surf Coast,VIC,C2,0.683791,0,6.48148,12.0937,16.7925,41.7212,24.6206,2.60955
Swan Hill,VIC,C2,0.676922,77.7778,8.10185,23.5854,23.9129,40.9979,50,20.5755
Cairns,QLD,C2,0.662827,44.4444,13.1944,30.4263,31.7461,31.7666,50,3.64353
Towong,VIC,C2,0.685995,33.3333,8.10185,8.17923,15.7236,61.5137,48.5978,27.9587
Warrnambool,VIC,C2,0.688652,33.3333,7.17593,22.8551,28.0076,44.9358,25,8.7405
Carpentaria,QLD,C1,0.55223,100,15.9722,45.286,41.3675,27.1316,100,68.5377
Wellington,VIC,C2,0.690322,55.5556,10.8796,14.8449,23.4544,49.3754,42.9183,3.00345
West Wimmera,VIC,C2,0.69009,44.4444,6.94444,7.8272,17.3308,58.047,54.0016,14.8751
Cassowary Coast,QLD,C2,0.669353,77.7778,12.5,25.0564,25.9276,48.7609,64.7796,2.11718
Whitehorse,VIC,C2,0.680213,11.1111,12.5,23.9156,22.5557,38.7412,0,5.59175
Whittlesea,VIC,C2,0.673036,44.4444,13.6574,19.4995,26.5396,25.813,10.276,6.13464
Central Highlands (Qld),QLD,C2,0.635834,33.3333,7.63889,36.9581,21.2214,18.5146,74.3961,29.099
Wodonga,VIC,C2,0.673165,55.5556,9.72222,27.8489,30.7367,36.9986,25,24.5385
Wyndham,VIC,C2,0.655743,22.2222,15.7407,25.8607,22.9079,13.8714,13.3214,8.46906
Charters Towers,QLD,C2,0.646249,77.7778,12.5,21.9433,30.4354,45.3114,84.2116,28.902
Yarra Ranges,VIC,C2,0.681328,11.1111,8.10185,7.57786,23.5192,36.8007,20.8413,28.2845
Yarra,VIC,C2,0.648439,11.1111,8.7963,50.4456,19.7698,23.4614,0,4.52979
Cherbourg,QLD,C1,0.602041,100,46.5278,100,92.7881,4.61363,25,20.4126
Yarriambiack,VIC,C2,0.677157,77.7778,6.48148,9.78712,22.9504,63.1948,57.149,24.7557
Cloncurry,QLD,C2,0.548365,55.5556,9.02778,39.2893,26.9376,19.2259,99.9923,62.4815
Cook,QLD,C2,0.613161,88.8889,13.1944,29.7703,30.3158,37.0961,98.1549,21.2703
Townsville,QLD,C2,0.662028,44.4444,11.8056,32.1917,29.8644,29.0046,50,1.82176
Croydon,QLD,C1,0.557353,100,13.4259,37.2349,45.283,15.295,100,68.5377
Tablelands,QLD,C2,0.675356,66.6667,11.5741,18.7375,26.3535,56.8593,68.876,2.56032
Diamantina,QLD,C1,0.522631,66.6667,11.1111,65.2895,25.098,17.015,100,69.1777
Torres Strait Island,QLD,C1,0.609079,100,27.0833,89.5862,62.2222,12.3506,100,0.344658
Doomadgee,QLD,C1,0.635935,100,40.5093,91.1505,43.541,2.31278,100,62.4323
Torres,QLD,C1,0.524855,88.8889,9.72222,68.698,43.1579,13.293,100,0.344658
Northern Peninsula Area,QLD,C1,0.614955,100,32.4074,90.8064,57.6744,7.39776,100,0.344658
Douglas,QLD,C2,0.680044,44.4444,9.49074,25.9896,22.4589,44.029,68.6238,3.88971
Etheridge,QLD,C2,0.646472,44.4444,7.63889,7.88086,13.913,48.9188,100,53.422
Logan,QLD,C2,0.643219,77.7778,16.2037,30.0296,33.1844,26.8052,8.76943,2.11718
Flinders (Qld),QLD,C2,0.622498,55.5556,6.48148,25.5111,19.5349,44.5667,100,61.6445
Fraser Coast,QLD,C2,0.660064,88.8889,19.6759,18.9259,28.0452,65.3595,41.295,1.871
Scenic Rim,QLD,C2,0.693355,44.4444,9.9537,15.3808,23.8983,48.1254,25.9698,7.49186
Isaac,QLD,C2,0.596803,22.2222,5.55556,52.4163,19.8286,11.9502,78.9625,35.5982
Gladstone,QLD,C2,0.656265,66.6667,17.1296,28.6529,26.5749,28.0407,49.0924,1.72329
Maranoa,QLD,C2,0.66013,33.3333,5.55556,28.6104,22.2433,33.3866,83.2394,27.1295
North Burnett,QLD,C2,0.674086,88.8889,11.5741,18.1124,21.7615,58.1768,55.9822,16.642
Gold Coast,QLD,C2,0.676545,22.2222,12.5,29.193,27.5164,36.9858,9.07071,0.590842
Whitsunday,QLD,C2,0.669221,55.5556,10.1852,29.2054,23.6496,34.9262,69.6447,6.84392
Goondiwindi,QLD,C2,0.677878,66.6667,8.33333,26.1087,24.1452,41.106,56.8951,22.5997
Gympie,QLD,C2,0.678015,77.7778,13.6574,16.2874,27.2303,54.1982,34.233,1.13245
Moreton Bay,QLD,C2,0.679382,33.3333,12.963,26.2417,28.702,36.8555,14.4358,3.84047
Hinchinbrook,QLD,C2,0.677234,66.6667,9.72222,18.1202,22.1671,63.1169,66.9753,2.11718
Sunshine Coast,QLD,C2,0.688224,22.2222,10.1852,22.059,24.49,45.9965,17.1103,3.00345
Hope Vale,QLD,C1,0.615828,100,49.3056,80.9572,62.7313,10.2038,75,1.32939
Toowoomba,QLD,C2,0.683407,44.4444,11.5741,26.9991,26.6556,40.9409,34.9296,23.8328
Ipswich,QLD,C2,0.635854,66.6667,15.5093,35.2364,34.3894,22.5147,14.5515,9.93485
Kowanyama,QLD,C1,0.603939,100,94.9074,85.2273,65.3061,10.7919,100,21.2703
Western Downs,QLD,C2,0.662627,77.7778,10.6481,27.2466,26.8245,35.4646,58.0988,21.418
Livingstone,QLD,C2,0.686883,33.3333,9.9537,15.6888,22.0177,42.5412,57.9528,1.77253
Lockhart River,QLD,C1,0.608226,100,77.0833,73.7261,59.7015,10.6726,100,3.05268
Napranum,QLD,C1,0.63818,100,38.4259,93.4185,51.5556,7.7743,100,39.7834
Lockyer Valley,QLD,C2,0.675452,77.7778,12.2685,17.0878,26.9826,36.532,25,9.69966
Longreach,QLD,C2,0.612282,33.3333,3.93519,30.9548,24.6296,36.8327,100,60.6598
Somerset,QLD,C2,0.680452,77.7778,12.2685,14.9012,26.0358,45.5374,34.4982,3.84047
Mackay,QLD,C2,0.678693,33.3333,9.25926,23.4445,24.384,31.2421,49.2116,0.443131
Rockhampton,QLD,C2,0.656559,77.7778,13.1944,27.3362,33.1843,34.4195,41.1181,9.84737
Mapoon,QLD,C1,0.631455,100,58.3333,92.9713,51.4286,18.6155,100,39.7834
Mareeba,QLD,C2,0.615082,77.7778,13.8889,19.6777,27.3429,43.5517,94.7666,53.422
McKinlay,QLD,C2,0.589343,22.2222,2.08333,20.7219,13.3333,23.7385,100,87.3461
South Burnett,QLD,C2,0.670733,88.8889,12.963,19.5614,27.4849,56.8298,45.735,20.4126
Mornington,QLD,C1,0.592927,100,15.2778,92.7046,54.3541,11.105,100,6.59774
Mount Isa,QLD,C1,0.496948,55.5556,9.72222,41.7797,31.9075,15.0037,99.9607,76.4156
Murweh,QLD,C2,0.635315,77.7778,7.17593,24.2022,25.5337,40.4445,100,33.3826
Noosa,QLD,C2,0.684562,11.1111,10.4167,15.0766,21.8358,59.8199,20.5819,1.13245
Palm Island,QLD,C1,0.607212,100,25.463,92.8748,66.4889,7.9331,80.4516,1.82176
Paroo,QLD,C2,0.573778,100,16.2037,30.1474,34.2588,43.3801,100,40.4727
Pormpuraaw,QLD,C1,0.589984,100,100,80.4695,43.0345,10.228,100,21.2703
Quilpie,QLD,C2,0.633793,33.3333,2.31481,24.3508,12.8,31.4426,100,51.0094
Redland,QLD,C2,0.688516,22.2222,10.1852,17.2657,24.7257,44.2193,41.4109,2.11718
Richmond,QLD,C2,0.608657,22.2222,2.77778,17.9041,16.0894,31.8461,100,77.1541
Southern Downs,QLD,C2,0.673167,77.7778,10.6481,19.8149,25.9804,56.6563,38.5242,34.9077
Weipa,QLD,C2,0.572749,0,4.86111,56.1249,16.5404,3.40541,100,34.8597
Winton,QLD,C2,0.618605,33.3333,3.24074,20.4488,18.125,47.6378,100,74.3968
Yarrabah,QLD,C1,0.5969,100,86.1111,77.8133,71.9577,8.06429,50,3.64353
Wujal Wujal,QLD,C1,0.620845,100,58.7963,92.8104,61.7143,4.66361,75,3.88971
Woorabinda,QLD,C1,0.604163,100,51.6204,97.878,100,7.15091,65.8517,9.84737
Adelaide,SA,C2,0.633892,33.3333,21.5278,57.1008,18.1871,31.2107,0,6.94239
Adelaide Hills,SA,C2,0.68213,0,7.87037,3.98177,16.5607,42.3012,20.6987,2.60586
Alexandrina,SA,C2,0.683529,44.4444,10.4167,11.7782,19.6206,71.2765,25,9.50271
Adelaide Plains,SA,C2,0.682038,44.4444,9.72222,4.05021,20.8773,29.1246,25,16.642
Anangu Pitjantjatjara Yunkunytjatjara,SA,C1,0.619802,100,68.0556,74.4297,44.922,5.10201,100,32.9394
Barossa,SA,C2,0.691852,22.2222,7.63889,10.9716,19.9554,48.2667,23.9046,5.16987
Barunga West,SA,C2,0.668643,77.7778,13.6574,10.6892,16.5826,77.6935,50,15.4723
Berri Barmera,SA,C2,0.661153,88.8889,13.1944,24.1969,31.3725,52.3425,50,21.2703
Burnside,SA,C2,0.680819,0,9.9537,15.8926,18.2911,49.9241,0,2.60586
Campbelltown (SA),SA,C2,0.683036,22.2222,11.8056,21.4447,24.7361,43.0867,0,2.60586
Ceduna,SA,C2,0.630934,77.7778,10.4167,32.9972,26.2635,38.537,100,14.6233
Charles Sturt,SA,C2,0.680651,33.3333,11.3426,26.8357,27.0203,41.4075,0,6.94239
Clare and Gilbert Valleys,SA,C2,0.694111,33.3333,7.40741,14.4767,20.1182,55.0895,36.3377,16.7752
Cleve,SA,C2,0.684016,44.4444,4.16667,10.4468,15.5752,50.0845,72.4431,11.4229
Coober Pedy,SA,C2,0.590686,100,27.0833,28.0431,27.128,63.1325,100,38.4047
Copper Coast,SA,C2,0.663044,88.8889,16.6667,18.2155,24.8426,71.0973,50,15.4723
Elliston,SA,C2,0.664249,66.6667,8.7963,10.7179,13.6585,41.0437,91.6584,22.0089
Flinders Ranges,SA,C2,0.677452,77.7778,9.49074,16.5449,23.8462,65.7249,50,21.5657
Franklin Harbour,SA,C2,0.681878,66.6667,7.40741,15.606,14.3768,64.3123,55.8288,11.4229
Gawler,SA,C2,0.664433,66.6667,13.6574,22.0439,35.1152,45.3619,0,16.642
Goyder,SA,C2,0.682441,77.7778,12.2685,12.0966,19.1466,58.7481,48.5883,16.7752
Grant,SA,C2,0.686256,22.2222,6.71296,3.90789,14.9687,40.2936,50,9.88056
Mount Gambier,SA,C2,0.661757,88.8889,10.8796,26.7882,30.8788,45.1259,50,9.88056
Holdfast Bay,SA,C2,0.681248,11.1111,8.7963,24.0544,20.9432,57.8434,0,6.94239
Kangaroo Island,SA,C2,0.680081,33.3333,8.10185,16.5007,15.5414,58.3555,74.9986,2.56032
Karoonda East Murray,SA,C2,0.685922,66.6667,9.72222,6.61471,15.5466,57.483,50,14.5249
Kimba,SA,C2,0.67587,22.2222,3.24074,11.0931,7.90875,46.8914,75,15.9035
Kingston (SA),SA,C2,0.676414,55.5556,6.48148,14.215,15.5975,72.2013,67.1344,16.1238
Wudinna,SA,C2,0.664883,22.2222,5.55556,13.9387,11.7216,42.8918,98.4943,19.3008
Light,SA,C2,0.682915,11.1111,7.40741,6.04827,20.4867,31.9809,23.7093,15.2552
Lower Eyre Peninsula,SA,C2,0.676741,11.1111,6.71296,8.15789,15.0505,40.1139,75,12.7523
Loxton Waikerie,SA,C2,0.687691,66.6667,7.40741,17.3315,21.3063,57.594,50,18.6211
Coorong,SA,C2,0.682252,77.7778,9.72222,16.8994,21.8284,53.8261,50.2475,23.7242
Marion,SA,C2,0.680845,22.2222,11.8056,24.5688,26.3266,39.7425,0,6.94239
Mid Murray,SA,C2,0.673441,88.8889,13.6574,10.0642,22.7246,65.172,39.0371,15.2552
Mitcham,SA,C2,0.680716,0,9.72222,11.4442,19.518,44.2465,0,2.60586
Maralinga Tjarutja,SA,C1,0.479777,100,0,66.1412,42.1053,34.5014,100,14.2787
Mount Barker,SA,C2,0.686265,11.1111,8.33333,15.46,24.1591,36.9153,22.6035,13.5179
Mount Remarkable,SA,C2,0.68231,55.5556,11.3426,5.08123,15.4265,65.0342,50,25.5539
Murray Bridge,SA,C2,0.662555,88.8889,14.8148,26.9623,30.7649,47.5506,25,12.063
Naracoorte Lucindale,SA,C2,0.688927,55.5556,6.01852,18.4797,16.2176,43.1748,50,18.241
Northern Areas,SA,C2,0.685403,44.4444,7.40741,11.2192,18.6535,56.5876,50,34.9077
Norwood Payneham and St Peters,SA,C2,0.677337,11.1111,11.5741,31.8483,22.4718,44.4919,0,2.60586
Onkaparinga,SA,C2,0.68251,44.4444,12.7315,16.9789,30.2186,41.9728,10.3201,7.97637
Orroroo Carrieton,SA,C2,0.678788,22.2222,8.7963,3.2845,13.3333,61.5473,50,34.9077
Peterborough,SA,C2,0.620097,100,27.7778,15.8616,33.5279,66.2033,50,34.9077
Playford,SA,C2,0.589015,100,21.5278,31.708,42.5685,25.66,11.3264,12.2107
Port Adelaide Enfield,SA,C2,0.659402,66.6667,14.5833,31.5277,29.8269,32.3613,0,6.94239
Port Augusta,SA,C2,0.629096,88.8889,14.8148,32.8308,34.7412,36.8696,50,25.5539
Port Lincoln,SA,C2,0.653442,77.7778,10.6481,29.2943,30.8742,44.7502,75,4.23437
Port Pirie,SA,C2,0.654011,88.8889,16.4352,24.5693,33.5047,49.2294,50,13.9833
Prospect,SA,C2,0.671282,0,9.49074,29.8,20.2583,30.3827,0,6.94239
Renmark Paringa,SA,C2,0.672194,88.8889,10.8796,21.1309,25.4477,48.9404,50,21.2703
Robe,SA,C2,0.684807,22.2222,4.62963,14.8172,12.7563,61.7979,50,8.68621
Roxby Downs,SA,C2,0.563179,11.1111,4.86111,65.3328,16.7832,0,75,38.0108
Salisbury,SA,C2,0.643209,88.8889,17.1296,23.9107,33.5434,31.8107,0,12.2107
Southern Mallee,SA,C2,0.68454,33.3333,6.48148,12.4082,14.0351,50.4723,71.1097,15.4111
Streaky Bay,SA,C2,0.667806,33.3333,7.40741,11.0055,12.8571,52.6927,100,11.4229
Tatiara,SA,C2,0.68729,44.4444,4.16667,16.0603,17.3678,41.1241,60.3908,11.4722
Tea Tree Gully,SA,C2,0.683076,11.1111,10.6481,12.2204,24.8847,43.1694,0,12.2107
Unincorporated SA,SA,C2,0.600223,88.8889,11.5741,30.6819,24.991,28.4134,96.5382,36.8784
Tumby Bay,SA,C2,0.67721,33.3333,5.78704,13.2103,13.1937,66.8618,75,12.7523
Unley,SA,C2,0.679357,0,9.9537,25.7629,20.5668,47.1101,0,6.94239
Victor Harbor,SA,C2,0.65777,66.6667,12.5,14.8591,22.4805,92.8303,25,5.75461
Wakefield,SA,C2,0.675929,88.8889,11.3426,15.9654,25.7979,47.39,37.9244,16.7752
Walkerville,SA,C2,0.680074,0,9.49074,22.3445,17.8942,52.7162,0,6.94239
Wattle Range,SA,C2,0.684095,77.7778,9.72222,13.9601,22.1245,53.2565,50,9.88056
West Torrens,SA,C2,0.677689,22.2222,10.8796,31.9208,23.7706,37.3482,0,6.94239
Whyalla,SA,C2,0.620684,100,17.5926,35.3255,34.5674,39.5444,50,13.9833
Yorke Peninsula,SA,C2,0.670809,66.6667,10.8796,11.2144,15.4138,78.1698,59.5922,9.94584
Yankalilla,SA,C2,0.678115,55.5556,11.8056,9.11747,16.6346,73.8953,25,2.56032
Albany,WA,C2,0.686521,44.4444,9.02778,20.4269,24.6514,49.7831,57.8471,1.82176
Jerramungup,WA,C2,0.672522,22.2222,5.09259,19.5807,11.1498,34.4357,75,7.23781
Armadale,WA,C2,0.670814,44.4444,14.8148,16.4156,27.0656,23.8162,15.9153,8.81339
Ashburton,WA,C1,0.495342,22.2222,4.62963,74.9493,15.1149,4.08205,100,82.4717
Karratha,WA,C2,0.518978,0,6.71296,58.3492,16.2785,3.71236,99.2821,91.0389
Augusta Margaret River,WA,C2,0.684591,11.1111,6.48148,18.3577,21.9331,36.6199,28.9077,0.295421
Bassendean,WA,C2,0.680005,22.2222,11.1111,22.0187,26.8223,36.234,0,14.131
Bayswater,WA,C2,0.679629,22.2222,11.8056,27.0593,24.095,36.231,0,13.1955
Belmont,WA,C2,0.659156,44.4444,12.963,40.2103,26.031,28.8182,0,14.131
Beverley,WA,C2,0.673681,66.6667,14.5833,5.43804,16.4192,72.9425,50,23.3383
Boddington,WA,C2,0.683457,55.5556,8.7963,22.528,20.4027,36.4916,28.2658,27.4701
Boyup Brook,WA,C2,0.693089,33.3333,9.49074,11.1959,19.6319,51.0074,50,16.6124
Bridgetown-Greenbushes,WA,C2,0.69019,33.3333,8.7963,10.3763,16.7956,59.5694,49.7623,16.6124
Brookton,WA,C2,0.679055,77.7778,12.2685,14.0177,13.2174,60.1513,50,12.7031
Broome,WA,C1,0.541259,66.6667,11.1111,48.9466,33.5558,14.1805,99.8802,100
Break O'Day,TAS,C2,0.666323,88.8889,17.1296,13.6054,22.2601,68.5164,52.5961,8.90337
Derby-West Kimberley,WA,C1,0.592276,100,13.8889,71.0144,41.9101,15.1608,100,100
Brighton,TAS,C2,0.599629,100,15.2778,27.8561,42.267,28.6023,25,25.7872
Broomehill-Tambellup,WA,C2,0.679221,66.6667,11.3426,9.99894,25.4152,35.0846,50,9.01034
Burnie,TAS,C2,0.652241,88.8889,13.8889,27.0478,31.7802,39.6964,50,0
Bruce Rock,WA,C2,0.682271,44.4444,9.72222,15.3267,15.3712,56.8941,75,14.8751
Central Coast (Tas.),TAS,C2,0.685993,66.6667,10.6481,14.9251,25.428,53.082,50,22.2584
Bunbury,WA,C2,0.663358,77.7778,13.1944,29.4882,33.2468,44.9463,25,5.41605
Central Highlands (Tas.),TAS,C2,0.652634,88.8889,12.7315,10.1336,20.4992,53.2921,62.6629,48.8599
Busselton,WA,C2,0.692008,22.2222,6.94444,17.9788,21.6427,49.9226,25,6.35155
Circular Head,TAS,C2,0.674051,77.7778,10.6481,16.3236,22.9222,42.0308,67.3494,7.16612
Cambridge,WA,C2,0.679155,0,8.7963,15.4614,15.2303,37.5461,0,9.45347
Clarence,TAS,C2,0.687753,22.2222,12.037,17.1162,27.5713,44.2933,28.9849,7.00326
Subiaco,WA,C2,0.672967,0,9.49074,36.1422,19.529,43.3004,0,9.45347
Derwent Valley,TAS,C2,0.629415,88.8889,16.8981,15.8331,31.5575,39.5259,64.6542,43.1053
Canning,WA,C2,0.67525,22.2222,13.6574,26.2303,21.0553,29.7199,0,12.9985
Devonport,TAS,C2,0.653038,88.8889,14.3519,26.9326,34.1399,48.3901,50,13.7894
Capel,WA,C2,0.682219,22.2222,9.02778,15.3152,23.9073,28.2313,25,8.51797
Dorset,TAS,C2,0.681877,77.7778,11.5741,13.7712,22.7322,55.0969,50.3875,22.4756
Carnamah,WA,C2,0.664677,55.5556,13.1944,20.2008,15.4074,50.2491,75,42.0975
Flinders (Tas.),TAS,C2,0.652412,66.6667,7.40741,19.5807,15.873,78.9956,100,10.6949
Carnarvon,WA,C2,0.600562,88.8889,11.1111,37.754,30.4431,33.71,100,13.9833
George Town,TAS,C2,0.642121,100,23.1481,21.9412,30.4374,54.5646,50,0.92291
Chapman Valley,WA,C2,0.669413,11.1111,9.72222,4.65862,13.8967,29.3068,69.6644,21.7134
Glamorgan-Spring Bay,TAS,C2,0.673363,66.6667,10.6481,14.4613,17.5749,74.0576,64.1782,15.1466
Chittering,WA,C2,0.68214,11.1111,8.33333,1.3328,15.8179,35.8387,39.2088,19.4978
Glenorchy,TAS,C2,0.636959,88.8889,16.6667,31.5509,36.5815,36.4353,25,7.00326
Claremont,WA,C2,0.6791,0,10.4167,23.9335,22.4868,52.3683,0,9.45347
Hobart,TAS,C2,0.677001,11.1111,16.2037,31.1503,20.0872,37.9674,25,7.00326
Cockburn,WA,C2,0.675586,11.1111,10.8796,19.7642,24.5238,27.193,8.61379,12.9985
Huon Valley,TAS,C2,0.648095,55.5556,12.5,9.40435,23.3894,46.7145,66.9297,59.9891
Collie,WA,C2,0.667003,88.8889,18.0556,13.6444,27.2251,47.6456,25,21.6069
Kentish,TAS,C2,0.684776,66.6667,12.7315,5.93959,18.4071,47.2332,50,22.2584
Coolgardie,WA,C2,0.593792,88.8889,13.1944,30.1457,27.6228,22.4212,99.9064,20.7287
King Island,TAS,C2,0.665701,33.3333,4.86111,19.2474,18.7531,52.6802,100,1.57438
Coorow,WA,C2,0.669637,55.5556,14.3519,11.3936,12.043,72.0492,75,11.1275
Kingborough,TAS,C2,0.684813,11.1111,12.037,14.5981,23.6596,42.9347,40.4155,0.597177
Corrigin,WA,C2,0.678131,22.2222,6.01852,14.6987,10.1115,55.6657,75,14.8751
Latrobe (Tas.),TAS,C2,0.690368,55.5556,9.72222,16.4205,21.685,58.7032,50,13.7894
Cottesloe,WA,C2,0.680757,0,8.10185,21.8818,16.5176,46.6041,0,9.45347
Launceston,TAS,C2,0.648347,77.7778,15.0463,29.1239,32.5124,39.8474,45.4164,31.2704
Cranbrook,WA,C2,0.682529,66.6667,6.94444,17.9041,12.3529,44.2062,50,4.57903
Meander Valley,TAS,C2,0.691082,55.5556,10.6481,14.6697,22.5648,50.5019,48.5562,22.2584
Cuballing,WA,C2,0.690693,55.5556,6.94444,8.15672,18.6345,54.9593,50,10.3149
Northern Midlands,TAS,C2,0.668946,55.5556,9.72222,14.7169,24.3907,50.498,48.6631,49.3485
Cue,WA,C2,0.629363,88.8889,9.72222,14.1486,20,75.1101,100,50.5662
Sorell,TAS,C2,0.684813,44.4444,10.8796,12.3674,28.4852,42.1157,44.7888,0.488599
Cunderdin,WA,C2,0.6822,22.2222,11.3426,18.1832,14.1639,37.8396,50,26.5387
Southern Midlands,TAS,C2,0.661457,66.6667,11.1111,6.47983,23.8499,40.1556,49.4827,49.2942
Dalwallinu,WA,C2,0.662421,0,3.7037,18.1313,13.2484,31.5431,75,30.3791
Tasman,TAS,C2,0.666131,88.8889,15.2778,8.08979,20.6676,71.0101,50,0.488599
Dandaragan,WA,C2,0.688939,33.3333,9.72222,16.4376,14.6772,59.3089,50,11.1275
Waratah-Wynyard,TAS,C2,0.673158,88.8889,12.5,18.5686,25.8338,53.9643,50,7.16612
Dardanup,WA,C2,0.690402,22.2222,10.1852,13.0749,22.4706,39.1017,25,8.51797
West Coast,TAS,C2,0.558165,100,22.4537,19.8849,28.5825,44.1335,75,80.3474
Harvey,WA,C2,0.68864,33.3333,9.9537,14.3707,22.6172,35.7813,25,21.6069
West Tamar,TAS,C2,0.69051,33.3333,11.1111,12.3803,21.5811,49.159,46.1219,0.92291
Denmark,WA,C2,0.68938,33.3333,8.7963,14.6822,21.2275,59.4918,50,4.57903
Donnybrook-Balingup,WA,C2,0.692207,44.4444,9.49074,8.30415,18.0765,54.5029,25,8.51797
Dowerin,WA,C2,0.690762,44.4444,9.72222,14.765,20.6742,55.884,50,25.1108
Dumbleyung,WA,C2,0.670982,22.2222,9.25926,5.82717,4.96894,40.7158,75,12.6539
Dundas,WA,C2,0.603007,100,15.0463,21.8967,36.5354,45.7083,100,20.4126
Esperance,WA,C2,0.665134,33.3333,6.25,22.9662,22.4121,40.6173,94.1489,7.04087
East Fremantle,WA,C2,0.681597,0,9.72222,16.7369,19.9711,43.332,0,9.45347
East Pilbara,WA,C1,0.554567,77.7778,8.56481,73.0422,24.6835,3.28959,100,85.1797
Exmouth,WA,C2,0.602525,11.1111,6.01852,36.3919,14.9868,23.3664,100,60.8075
Fremantle,WA,C2,0.679524,11.1111,11.1111,26.8604,25.1088,41.926,0,12.9985
Greater Geraldton,WA,C2,0.64735,55.5556,12.037,24.5324,29.187,36.723,70.5504,42.0975
Gingin,WA,C2,0.69053,55.5556,7.87037,10.0625,16.34,57.2157,43.1902,19.4978
Gnowangerup,WA,C2,0.673567,33.3333,8.7963,16.5353,12.5392,31.5831,72.851,6.89316
Goomalling,WA,C2,0.690526,33.3333,8.10185,13.6948,18.9723,55.7801,50,25.1108
Gosnells,WA,C2,0.668313,55.5556,15.7407,19.3853,26.2109,27.5149,0,12.9985
Halls Creek,WA,C1,0.628192,100,55.787,71.5083,61.2853,11.4167,100,86.5583
Wyndham-East Kimberley,WA,C1,0.543827,88.8889,8.7963,57.6973,36.0025,13.9061,100,52.9296
Irwin,WA,C2,0.685106,55.5556,9.02778,18.5034,20.3252,65.686,50,21.7134
Joondalup,WA,C2,0.679325,0,10.1852,9.97576,20.1106,37.4478,0,13.1955
Kalamunda,WA,C2,0.685947,11.1111,10.6481,10.5102,23.3503,39.6491,13.7031,8.81339
Kalgoorlie-Boulder,WA,C2,0.622624,22.2222,7.87037,32.295,23.9784,17.1387,99.9462,20.5755
Katanning,WA,C2,0.665947,88.8889,11.8056,25.0277,25.1881,38.8901,50,9.01034
Kellerberrin,WA,C2,0.675405,88.8889,9.9537,16.3414,22.0495,58.8913,50,21.615
Kent,WA,C2,0.650068,0,3.47222,18.6441,4.03361,18.2726,75,6.89316
Kojonup,WA,C2,0.68961,33.3333,3.47222,20.7231,15.8316,48.3599,50,9.01034
Kondinin,WA,C2,0.665084,55.5556,6.48148,20.2208,23.3166,43.0989,92.478,21.5657
Koorda,WA,C2,0.672708,44.4444,5.78704,10.4119,5.05263,56.5744,75,23.6337
Kulin,WA,C2,0.672011,11.1111,3.47222,12.9415,7.34694,40.9962,75,12.6539
Kwinana,WA,C2,0.650424,55.5556,15.9722,22.4066,30.7547,18.5642,0,5.26834
Lake Grace,WA,C2,0.661518,11.1111,2.77778,14.8899,8.97196,33.989,90.4454,19.2182
Laverton,WA,C1,0.52599,100,10.1852,56.5365,33.3333,8.55966,100,32.8902
Leonora,WA,C2,0.551796,77.7778,6.01852,41.8971,23.619,12.2212,100,46.6765
Mandurah,WA,C2,0.677607,66.6667,16.2037,20.0984,27.4366,54.8348,11.6239,5.76071
Manjimup,WA,C2,0.68404,66.6667,8.56481,19.7198,20.8014,48.9292,58.4449,3.05268
Meekatharra,WA,C1,0.535138,100,12.7315,46.3474,36.9231,16.2009,100,50.5662
Melville,WA,C2,0.681549,0,10.4167,15.1537,20.4771,44.4521,0,12.9985
Menzies,WA,C2,0.584519,100,14.1204,36.8645,17.2973,19.0763,100,22.7474
Merredin,WA,C2,0.676786,55.5556,9.9537,23.8518,23.2765,39.6476,69.1031,21.615
Mingenew,WA,C2,0.675175,22.2222,7.17593,4.98433,10.7692,48.6464,50,42.0975
Moora,WA,C2,0.677902,66.6667,11.1111,17.2075,25.2482,42.8851,55.1357,30.3791
Morawa,WA,C2,0.65802,77.7778,11.5741,17.8038,21.7143,51.4848,75,42.0975
Mosman Park,WA,C2,0.676931,0,10.4167,29.272,18.3538,41.2584,0,9.45347
Mount Magnet,WA,C2,0.568552,100,12.5,25.522,33.8028,34.2095,100,46.0857
Mount Marshall,WA,C2,0.679647,44.4444,9.02778,16.1466,18.9831,40.7311,75,23.6337
Mukinbudin,WA,C2,0.677379,22.2222,2.5463,16.1699,14.6405,42.6007,75,23.6337
Mundaring,WA,C2,0.686142,11.1111,10.1852,4.32671,21.085,41.6056,17.3555,8.81339
Murchison,WA,C1,0.55367,100,5.32407,46.741,53.3333,14.4947,100,46.0857
Murray,WA,C2,0.685888,66.6667,14.3519,12.673,24.7209,51.3868,23.5059,9.82628
Nannup,WA,C2,0.678996,55.5556,10.4167,12.5658,14.5813,73.5694,48.6024,16.5581
Narembeen,WA,C2,0.67767,11.1111,6.25,12.7388,14.2408,54.2184,75,21.5657
Narrogin,WA,C2,0.678864,66.6667,12.037,24.1945,29.0909,46.4442,50,10.3149
Nedlands,WA,C2,0.681265,0,8.56481,16.0008,15.7849,44.5308,0,9.45347
Perth,WA,C2,0.626652,11.1111,14.1204,62.6949,14.3719,21.073,0,9.45347
Ngaanyatjarraku,WA,C1,0.634793,100,59.9537,79.0139,53.0031,7.99845,100,51.9449
Northam,WA,C2,0.67373,77.7778,13.6574,17.6187,29.5506,44.3098,25,22.9936
Northampton,WA,C2,0.675059,66.6667,9.9537,14.3128,15.2941,64.0736,73.526,22.5997
Nungarin,WA,C2,0.678665,44.4444,15.0463,13.4477,20.6452,56.4799,75,21.615
Peppermint Grove,WA,C2,0.679933,0,12.037,14.6472,15.2941,43.3585,0,9.45347
Perenjori,WA,C2,0.658338,11.1111,1.38889,16.6497,19.3939,32.3799,75,42.0975
Vincent,WA,C2,0.659131,0,9.02778,38.3802,18.6286,23.6042,0,13.1955
Pingelly,WA,C2,0.668395,88.8889,17.8241,19.0777,22.3776,61.2301,50,12.7031
Plantagenet,WA,C2,0.682262,77.7778,8.7963,13.1605,19.3872,51.2718,50,1.82176
Port Hedland,WA,C1,0.493864,22.2222,8.33333,64.8479,22.8116,5.24322,99.8448,69.7194
Quairading,WA,C2,0.67869,66.6667,7.40741,10.1223,18.4615,69.9297,50,26.5387
Ravensthorpe,WA,C2,0.664087,33.3333,6.48148,22.8289,19.3267,38.3963,95.8826,8.37026
Rockingham,WA,C2,0.671313,44.4444,14.8148,19.5044,28.4826,28.7453,2.88839,5.26834
Sandstone,WA,C2,0.637811,66.6667,15.5093,0,0,61.4345,100,46.6765
Serpentine-Jarrahdale,WA,C2,0.670888,11.1111,9.02778,6.12422,21.4266,20.0096,18.0079,12.9985
Shark Bay,WA,C2,0.650986,55.5556,3.93519,30.4448,11.2676,43.4135,100,28.2619
South Perth,WA,C2,0.675163,0,10.4167,31.928,18.9637,41.2201,0,13.1955
Stirling,WA,C2,0.677132,11.1111,10.6481,28.2408,23.7439,35.4329,0,13.1955
Swan,WA,C2,0.671515,33.3333,12.5,16.4173,27.8126,23.0218,15.881,14.131
Tammin,WA,C2,0.665609,66.6667,15.9722,13.9889,29.4253,34.3038,50,26.5387
Three Springs,WA,C2,0.662454,66.6667,8.33333,21.568,20,46.9006,75,42.0975
Toodyay,WA,C2,0.688576,44.4444,13.1944,4.7815,18.7787,57.977,33.7771,22.9936
Trayning,WA,C2,0.657662,88.8889,7.17593,13.9828,30.5882,59.3217,75,23.6337
Upper Gascoyne,WA,C1,0.568127,88.8889,21.9907,41.976,36,9.83159,100,82.4717
Victoria Park,WA,C2,0.664501,11.1111,11.3426,40.7989,19.4069,30.3704,0,13.1955
Victoria Plains,WA,C2,0.675827,11.1111,6.01852,20.7124,6.1244,43.7239,50,25.1108
Wagin,WA,C2,0.68137,77.7778,11.1111,15.6099,24.0185,59.2476,50,10.1428
Wandering,WA,C2,0.686438,33.3333,8.33333,3.76205,13.913,49.8231,50,27.4701
Wanneroo,WA,C2,0.67034,22.2222,13.1944,16.2206,27.5087,23.933,13.6544,19.4978
Waroona,WA,C2,0.681497,77.7778,15.5093,11.1445,20.3714,52.2407,25,9.82628
West Arthur,WA,C2,0.685292,11.1111,4.86111,9.84747,13.9806,48.7555,50,21.6069
Westonia,WA,C2,0.674814,11.1111,3.93519,10.7065,13.913,60.0213,75,25.7509
Wickepin,WA,C2,0.686924,33.3333,10.4167,12.3458,15.4217,47.4311,64.8659,10.3149
Williams,WA,C2,0.682884,11.1111,1.38889,16.2322,14.5455,39.6172,50,10.3149
Wiluna,WA,C1,0.547764,100,7.87037,45.4477,43.871,16.0441,100,57.3117
Wongan-Ballidu,WA,C2,0.673453,66.6667,6.71296,23.282,28.0119,46.6418,65.4756,25.1108
Woodanilling,WA,C2,0.6922,33.3333,7.40741,8.61535,18.2456,46.9264,50,10.1428
Wyalkatchem,WA,C2,0.664736,88.8889,11.5741,16.3319,24.1509,71.8163,50,26.5387
Yalgoo,WA,C1,0.535827,88.8889,9.25926,31.9263,60.6897,19.9238,100,46.0857
Yilgarn,WA,C2,0.670055,55.5556,8.56481,23.5431,18.6916,35.184,75,25.7509
York,WA,C2,0.677383,55.5556,13.6574,9.94069,22.735,72.892,25,24.4707
Victoria Daly,NT,C1,0.61768,100,41.6667,59.4623,44.8855,15.3097,98.5651,85.9675
West Daly,NT,C1,0.631309,100,43.75,78.1554,40.7547,3.83897,99.963,54.8006
Darwin,NT,C2,0.644032,11.1111,9.49074,45.6071,24.8444,21.5775,50,6.84392
West Arnhem,NT,C1,0.618294,100,56.0185,73.335,38.1163,4.1693,91.9983,84.2935
Palmerston,NT,C2,0.623783,22.2222,9.72222,41.2816,31.4376,11.0661,50,6.84392
Litchfield,NT,C2,0.622837,11.1111,8.10185,11.7815,20.316,23.3739,50,75.4801
Darwin Waterfront Precinct,NT,C2,0.59367,0,10.6481,75.6203,0,10.4286,50,6.84392
MacDonnell,NT,C1,0.62255,100,32.6389,64.9765,46.9775,8.11562,96.0357,45.938
Tiwi Islands,NT,C1,0.615125,100,62.7315,80.5565,43.5088,6.41022,99.9664,13.097
Unincorporated ACT,ACT,C2,0.61581,0,8.7963,25.7618,22.246,27.7069,18.7868,80.7275
Unincorp. Other Territories,OT,C2,0.683026,44.4444,6.71296,27.4588,26.1438,51.2255,52.3782,0.541605
