LGA_Code,LGA_Name,State,LGA_Latitude,LGA_Longitude,Station_Number,Station_Name,Station_Latitude,Station_Longitude,Station_Coverage_Pct,Station_Start_Year,Station_End_Year,Distance_KM,Distance_Band
89399,Unincorporated ACT,Australian Capital Territory,-35.522795,148.956278,70349,MOUNT GININI AWS,-35.5293,148.7721,98,2004,2026,16.68,<=25 km
10050,Albury,New South Wales,-36.015136,146.98177,72160,ALBURY AIRPORT AWS,-36.0662,146.953,99,1993,2026,6.24,<=25 km
10180,Armidale Regional,New South Wales,-30.435493,151.954068,56037,ARMIDALE (TREE GROUP NURSERY),-30.5243,151.6716,99,1997,2026,28.81,25-50 km
10250,Ballina,New South Wales,-28.852757,153.476151,58198,BALLINA AIRPORT AWS,-28.8353,153.5585,98,1992,2026,8.25,<=25 km
10300,Balranald,New South Wales,-34.043962,143.706779,75019,HAY AIRPORT AWS,-34.5412,144.8315,99,2007,2026,117.19,>100 km
10470,Bathurst Regional,New South Wales,-33.474694,149.641326,63291,BATHURST AIRPORT AWS,-33.4119,149.654,99,1989,2026,7.08,<=25 km
10500,Bayside (NSW),New South Wales,-33.9626,151.122566,66037,SYDNEY AIRPORT AMO,-33.9465,151.1731,99,1939,2026,4.99,<=25 km
10550,Bega Valley,New South Wales,-36.816656,149.71157,69139,BEGA AWS,-36.6722,149.8191,97,1992,2026,18.7,<=25 km
10600,Bellingen,New South Wales,-30.373947,152.719223,59140,DORRIGO (OLD CORAMBA RD),-30.3444,152.7187,96,1997,2026,3.29,<=25 km
10650,Berrigan,New South Wales,-35.751199,145.660164,81124,YARRAWONGA,-36.0294,146.0305,97,1993,2026,45.5,25-50 km
10750,Blacktown,New South Wales,-33.740118,150.864755,67119,HORSLEY PARK EQUESTRIAN CENTRE AWS,-33.851,150.8567,99,1997,2026,12.35,<=25 km
10800,Bland,New South Wales,-33.917941,147.053287,50017,WEST WYALONG AIRPORT AWS,-33.9382,147.1962,99,1999,2026,13.38,<=25 km
10850,Blayney,New South Wales,-33.616752,149.164452,63303,ORANGE AIRPORT AWS,-33.3768,149.1263,99,1996,2026,26.91,25-50 km
10900,Blue Mountains,New South Wales,-33.635101,150.43751,63292,MOUNT BOYCE AWS,-33.6185,150.2741,99,1989,2026,15.24,<=25 km
10950,Bogan,New South Wales,-31.568695,146.88447,48027,COBAR MO,-31.484,145.8294,99,1962,2026,100.44,>100 km
11150,Bourke,New South Wales,-29.996021,145.294034,48245,BOURKE AIRPORT AWS,-30.0362,145.9521,98,1998,2026,63.52,50-100 km
11200,Brewarrina,New South Wales,-29.949623,146.976141,48245,BOURKE AIRPORT AWS,-30.0362,145.9521,98,1998,2026,99.09,50-100 km
11250,Broken Hill,New South Wales,-31.951233,141.478205,46128,FOWLERS GAP AWS,-31.0863,141.7008,98,2004,2026,98.46,50-100 km
11300,Burwood,New South Wales,-33.885647,151.102562,66194,CANTERBURY RACECOURSE AWS,-33.9057,151.1134,99,1995,2026,2.44,<=25 km
11350,Byron,New South Wales,-28.613297,153.47783,58216,BYRON BAY (CAPE BYRON AWS),-28.6399,153.6358,98,2002,2026,15.7,<=25 km
11400,Cabonne,New South Wales,-33.110842,148.902918,63254,ORANGE AGRICULTURAL INSTITUTE,-33.3211,149.0828,90,1976,2026,28.75,25-50 km
11450,Camden,New South Wales,-34.016449,150.719892,68257,CAMPBELLTOWN (MOUNT ANNAN),-34.0615,150.7735,99,2006,2026,7.04,<=25 km
11500,Campbelltown (NSW),New South Wales,-34.074017,150.853597,68257,CAMPBELLTOWN (MOUNT ANNAN),-34.0615,150.7735,99,2006,2026,7.51,<=25 km
11520,Canada Bay,New South Wales,-33.848533,151.097637,66212,SYDNEY OLYMPIC PARK AWS (ARCHERY CENTRE),-33.8338,151.0718,99,2011,2026,2.89,<=25 km
11570,Canterbury-Bankstown,New South Wales,-33.923892,151.065564,66194,CANTERBURY RACECOURSE AWS,-33.9057,151.1134,99,1995,2026,4.86,<=25 km
11600,Carrathool,New South Wales,-33.629618,145.452588,75032,HILLSTON AIRPORT,-33.4915,145.5248,93,1957,2025,16.75,<=25 km
11650,Central Coast (NSW),New South Wales,-33.307172,151.266833,61375,MANGROVE MOUNTAIN AWS,-33.2894,151.2107,98,1994,2026,5.58,<=25 km
11700,Central Darling,New South Wales,-31.779066,143.596243,46012,WILCANNIA AERODROME AWS,-31.5194,143.385,99,2000,2026,35.12,25-50 km
11720,Cessnock,New South Wales,-32.893811,151.30098,61412,COORANBONG (LAKE MACQUARIE AWS),-33.0887,151.4636,99,2008,2026,26.45,25-50 km
11730,Clarence Valley,New South Wales,-29.694347,152.792251,58077,GRAFTON RESEARCH STN,-29.6224,152.9605,98,2002,2026,18.12,<=25 km
11750,Cobar,New South Wales,-31.973958,145.299944,48237,COBAR AIRPORT AWS,-31.5388,145.7964,98,1993,2026,67.41,50-100 km
11800,Coffs Harbour,New South Wales,-30.172924,152.998524,59151,COFFS HARBOUR AIRPORT,-30.3189,153.1162,99,2013,2026,19.78,<=25 km
12000,Coolamon,New South Wales,-34.601585,147.117649,73151,TEMORA AIRPORT,-34.4277,147.5117,99,2005,2026,40.96,25-50 km
12150,Coonamble,New South Wales,-30.865383,148.262309,51161,COONAMBLE AIRPORT AWS,-30.9776,148.3798,99,1997,2026,16.77,<=25 km
12160,Cootamundra-Gundagai Regional,New South Wales,-34.809207,148.108823,73142,COOTAMUNDRA AIRPORT,-34.6299,148.0365,99,1995,2026,21.01,<=25 km
12350,Cowra,New South Wales,-33.811451,148.694668,65111,COWRA AIRPORT AWS,-33.8382,148.654,98,2004,2026,4.79,<=25 km
12380,Cumberland,New South Wales,-33.836636,150.967037,66124,PARRAMATTA NORTH (MASONS DRIVE),-33.7917,151.0181,98,1967,2026,6.87,<=25 km
12390,Dubbo Regional,New South Wales,-32.474507,148.836725,65034,WELLINGTON (D&J RURAL),-32.5635,148.9503,94,1965,2026,14.54,<=25 km
12700,Dungog,New South Wales,-32.347188,151.626249,61250,PATERSON (TOCAL AWS),-32.6296,151.5919,95,1967,2026,31.57,25-50 km
12730,Edward River,New South Wales,-35.233719,144.984116,74258,DENILIQUIN AIRPORT AWS,-35.5575,144.9458,99,1997,2026,36.17,25-50 km
12750,Eurobodalla,New South Wales,-35.933081,149.924453,69148,MORUYA AIRPORT AWS,-35.9004,150.1437,99,1999,2026,20.08,<=25 km
12850,Fairfield,New South Wales,-33.867425,150.889238,67119,HORSLEY PARK EQUESTRIAN CENTRE AWS,-33.851,150.8567,99,1997,2026,3.52,<=25 km
12870,Federation,New South Wales,-35.460914,146.229463,81124,YARRAWONGA,-36.0294,146.0305,97,1993,2026,65.71,50-100 km
12900,Forbes,New South Wales,-33.37767,147.953617,65103,FORBES AIRPORT AWS,-33.3627,147.9205,99,1995,2026,3.5,<=25 km
12930,Georges River,New South Wales,-33.972634,151.090066,66194,CANTERBURY RACECOURSE AWS,-33.9057,151.1134,99,1995,2026,7.75,<=25 km
12950,Gilgandra,New South Wales,-31.632988,148.704473,64017,COONABARABRAN AIRPORT AWS,-31.333,149.2699,99,2001,2026,63.15,50-100 km
13010,Glen Innes Severn,New South Wales,-29.631887,151.917291,56243,GLEN INNES AIRPORT AWS,-29.678,151.694,99,1996,2026,22.18,<=25 km
13310,Goulburn Mulwaree,New South Wales,-34.902118,149.801485,70330,GOULBURN AIRPORT AWS,-34.8085,149.7311,99,1989,2026,12.23,<=25 km
13340,Greater Hume Shire,New South Wales,-35.759028,147.161572,72160,ALBURY AIRPORT AWS,-36.0662,146.953,99,1993,2026,38.98,25-50 km
13450,Griffith,New South Wales,-34.334497,146.008117,74037,YANCO AGRICULTURAL INSTITUTE,-34.6222,146.4327,98,1999,2026,50.38,50-100 km
13550,Gunnedah,New South Wales,-31.023747,150.203659,55024,GUNNEDAH RESOURCE CENTRE,-31.0261,150.2687,94,1948,2026,6.2,<=25 km
13660,Gwydir,New South Wales,-29.498174,150.537915,56018,INVERELL RESEARCH CENTRE,-29.7752,151.082,95,1965,2026,60.94,50-100 km
13800,Hawkesbury,New South Wales,-33.340697,150.828649,67105,RICHMOND RAAF,-33.6004,150.7761,99,1993,2026,29.29,25-50 km
13850,Hay,New South Wales,-34.157184,144.89033,75019,HAY AIRPORT AWS,-34.5412,144.8315,99,2007,2026,43.04,25-50 km
13910,Hilltops,New South Wales,-34.415619,148.563434,73138,YOUNG AIRPORT,-34.2493,148.2475,98,1989,2026,34.4,25-50 km
14000,Hornsby,New South Wales,-33.572461,151.072083,66059,TERREY HILLS AWS,-33.6908,151.2253,99,2004,2026,19.35,<=25 km
14100,Hunters Hill,New South Wales,-33.829839,151.136046,66212,SYDNEY OLYMPIC PARK AWS (ARCHERY CENTRE),-33.8338,151.0718,99,2011,2026,5.95,<=25 km
14170,Inner West,New South Wales,-33.889973,151.14541,66194,CANTERBURY RACECOURSE AWS,-33.9057,151.1134,99,1995,2026,3.43,<=25 km
14220,Inverell,New South Wales,-29.435422,151.175413,56242,INVERELL (RAGLAN ST),-29.7796,151.1121,99,1995,2026,38.76,25-50 km
14300,Junee,New South Wales,-34.815134,147.672668,73142,COOTAMUNDRA AIRPORT,-34.6299,148.0365,99,1995,2026,39.11,25-50 km
14350,Kempsey,New South Wales,-30.905539,152.522789,59007,KEMPSEY AIRPORT AWS,-31.0711,152.7717,99,2001,2026,30.03,25-50 km
14400,Kiama,New South Wales,-34.695815,150.795125,68241,ALBION PARK (SHELLHARBOUR AIRPORT),-34.5639,150.7924,99,1999,2026,14.67,<=25 km
14500,Ku-ring-gai,New South Wales,-33.727013,151.149154,66059,TERREY HILLS AWS,-33.6908,151.2253,99,2004,2026,8.11,<=25 km
14550,Kyogle,New South Wales,-28.646586,152.744295,57095,TABULAM (MUIRNE),-28.7551,152.4507,99,1970,2026,31.07,25-50 km
14600,Lachlan,New South Wales,-32.795343,147.121301,50137,CONDOBOLIN AIRPORT AWS,-33.0682,147.2133,99,1993,2026,31.53,25-50 km
14650,Lake Macquarie,New South Wales,-33.037554,151.483427,61412,COORANBONG (LAKE MACQUARIE AWS),-33.0887,151.4636,99,2008,2026,5.98,<=25 km
14700,Lane Cove,New South Wales,-33.823198,151.169683,66212,SYDNEY OLYMPIC PARK AWS (ARCHERY CENTRE),-33.8338,151.0718,99,2011,2026,9.12,<=25 km
14750,Leeton,New South Wales,-34.53018,146.29422,74037,YANCO AGRICULTURAL INSTITUTE,-34.6222,146.4327,98,1999,2026,16.29,<=25 km
14850,Lismore,New South Wales,-28.79352,153.267157,58214,LISMORE AIRPORT AWS,-28.8305,153.2601,96,2002,2026,4.17,<=25 km
14870,Lithgow,New South Wales,-33.320175,150.195096,63226,LITHGOW (COOERWULL),-33.4769,150.1303,98,2006,2026,18.44,<=25 km
14900,Liverpool,New South Wales,-33.952511,150.898764,66161,HOLSWORTHY AERODROME AWS,-33.9925,150.9489,99,2012,2026,6.41,<=25 km
14920,Liverpool Plains,New South Wales,-31.470038,150.39427,61392,MURRURUNDI GAP AWS,-31.7416,150.7937,99,2003,2026,48.4,25-50 km
14950,Lockhart,New South Wales,-35.321952,146.810395,72150,WAGGA WAGGA AMO,-35.1583,147.4575,100,1941,2026,61.52,50-100 km
15050,Maitland,New South Wales,-32.707998,151.526739,61250,PATERSON (TOCAL AWS),-32.6296,151.5919,95,1967,2026,10.64,<=25 km
15240,Mid-Coast,New South Wales,-32.072128,152.044671,60141,TAREE AIRPORT AWS,-31.8895,152.512,99,1997,2026,48.53,25-50 km
15270,Mid-Western Regional,New South Wales,-32.602278,149.735812,62101,MUDGEE AIRPORT AWS,-32.5628,149.6149,98,1989,2026,12.15,<=25 km
15300,Moree Plains,New South Wales,-29.321321,149.45962,53115,MOREE AERO,-29.4898,149.8471,99,1995,2026,41.95,25-50 km
15350,Mosman,New South Wales,-33.828455,151.247647,66037,SYDNEY AIRPORT AMO,-33.9465,151.1731,99,1939,2026,14.82,<=25 km
15520,Murray River,New South Wales,-35.230353,144.005435,77094,SWAN HILL AERODROME,-35.3766,143.5416,99,1996,2026,45.12,25-50 km
15560,Murrumbidgee,New South Wales,-35.010286,145.81257,74037,YANCO AGRICULTURAL INSTITUTE,-34.6222,146.4327,98,1999,2026,71.18,50-100 km
15650,Muswellbrook,New South Wales,-32.488032,150.516397,62100,NULLO MOUNTAIN AWS,-32.7244,150.229,98,1990,2026,37.62,25-50 km
15700,Nambucca Valley,New South Wales,-30.708384,152.779519,59007,KEMPSEY AIRPORT AWS,-31.0711,152.7717,99,2001,2026,40.34,25-50 km
15750,Narrabri,New South Wales,-30.327768,149.557163,54038,NARRABRI AIRPORT AWS,-30.3154,149.8302,99,2001,2026,26.24,25-50 km
15800,Narrandera,New South Wales,-34.592088,146.700119,74148,NARRANDERA AIRPORT AWS,-34.705,146.514,92,1968,2026,21.15,<=25 km
15850,Narromine,New South Wales,-32.231656,147.952839,51049,TRANGIE RESEARCH STATION AWS,-31.9861,147.9489,95,1968,2026,27.31,25-50 km
15900,Newcastle,New South Wales,-32.876266,151.666343,61055,NEWCASTLE NOBBYS SIGNAL STATION AWS,-32.9184,151.7985,99,1957,2026,13.2,<=25 km
15950,North Sydney,New South Wales,-33.834232,151.209238,66194,CANTERBURY RACECOURSE AWS,-33.9057,151.1134,99,1995,2026,11.89,<=25 km
15990,Northern Beaches,New South Wales,-33.69788,151.243584,66059,TERREY HILLS AWS,-33.6908,151.2253,99,2004,2026,1.87,<=25 km
16100,Oberon,New South Wales,-33.845238,149.832276,63292,MOUNT BOYCE AWS,-33.6185,150.2741,99,1989,2026,48.01,25-50 km
16150,Orange,New South Wales,-33.32925,149.108127,63254,ORANGE AGRICULTURAL INSTITUTE,-33.3211,149.0828,90,1976,2026,2.52,<=25 km
16200,Parkes,New South Wales,-32.822526,147.976139,50031,PEAK HILL POST OFFICE,-32.7235,148.1902,96,1965,2026,22.84,<=25 km
16260,Parramatta,New South Wales,-33.807664,151.022385,66124,PARRAMATTA NORTH (MASONS DRIVE),-33.7917,151.0181,98,1967,2026,1.82,<=25 km
16350,Penrith,New South Wales,-33.747705,150.714849,67113,PENRITH LAKES AWS,-33.7195,150.6783,99,1995,2026,4.61,<=25 km
16380,Port Macquarie-Hastings,New South Wales,-31.42132,152.489092,60085,YARRAS (MOUNT SEAVIEW),-31.3865,152.2482,99,1969,2026,23.19,<=25 km
16400,Port Stephens,New South Wales,-32.728534,151.817607,61078,WILLIAMTOWN RAAF,-32.7939,151.8364,94,1942,2026,7.48,<=25 km
16490,Queanbeyan-Palerang Regional,New South Wales,-35.455566,149.570255,69132,BRAIDWOOD RACECOURSE AWS,-35.4253,149.7835,95,1987,2026,19.61,<=25 km
16550,Randwick,New South Wales,-33.945678,151.24278,66037,SYDNEY AIRPORT AMO,-33.9465,151.1731,99,1939,2026,6.43,<=25 km
16610,Richmond Valley,New South Wales,-29.026909,152.986884,58208,CASINO AIRPORT AWS,-28.8824,153.0618,99,1995,2026,17.64,<=25 km
16700,Ryde,New South Wales,-33.801534,151.10437,66212,SYDNEY OLYMPIC PARK AWS (ARCHERY CENTRE),-33.8338,151.0718,99,2011,2026,4.68,<=25 km
16900,Shellharbour,New South Wales,-34.59044,150.772202,68241,ALBION PARK (SHELLHARBOUR AIRPORT),-34.5639,150.7924,99,1999,2026,3.48,<=25 km
16950,Shoalhaven,New South Wales,-35.141626,150.391727,68072,NOWRA RAN AIR STATION AWS,-34.9469,150.5353,99,2000,2026,25.29,25-50 km
17000,Singleton,New South Wales,-32.602343,151.113294,61250,PATERSON (TOCAL AWS),-32.6296,151.5919,95,1967,2026,44.93,25-50 km
17040,Snowy Monaro Regional,New South Wales,-36.421111,148.893218,70217,COOMA AIRPORT AWS,-36.2939,148.9725,99,1990,2026,15.83,<=25 km
17080,Snowy Valleys,New South Wales,-35.943005,148.093866,72161,CABRAMURRA SMHEA AWS,-35.9371,148.3779,98,1996,2026,25.58,25-50 km
17100,Strathfield,New South Wales,-33.879784,151.078502,66194,CANTERBURY RACECOURSE AWS,-33.9057,151.1134,99,1995,2026,4.32,<=25 km
17150,Sutherland Shire,New South Wales,-34.072002,150.997764,66161,HOLSWORTHY AERODROME AWS,-33.9925,150.9489,99,2012,2026,9.92,<=25 km
17200,Sydney,New South Wales,-33.888852,151.204914,66037,SYDNEY AIRPORT AMO,-33.9465,151.1731,99,1939,2026,7.05,<=25 km
17310,Tamworth Regional,New South Wales,-30.922011,150.90991,55325,TAMWORTH AIRPORT AWS,-31.0742,150.8362,99,1992,2026,18.32,<=25 km
17350,Temora,New South Wales,-34.38303,147.468596,73151,TEMORA AIRPORT,-34.4277,147.5117,99,2005,2026,6.35,<=25 km
17400,Tenterfield,New South Wales,-28.838557,152.280779,57095,TABULAM (MUIRNE),-28.7551,152.4507,99,1970,2026,18.98,<=25 km
17420,The Hills Shire,New South Wales,-33.576228,150.970704,67105,RICHMOND RAAF,-33.6004,150.7761,99,1993,2026,18.23,<=25 km
17550,Tweed,New South Wales,-28.34953,153.344386,58158,MURWILLUMBAH (BRAY PARK),-28.3395,153.3809,94,1972,2026,3.74,<=25 km
19399,Unincorporated NSW,New South Wales,-31.152911,141.878085,46128,FOWLERS GAP AWS,-31.0863,141.7008,98,2004,2026,18.43,<=25 km
17620,Upper Hunter Shire,New South Wales,-31.981237,150.647068,61363,SCONE AIRPORT AWS,-32.0335,150.8264,98,1990,2026,17.88,<=25 km
17640,Upper Lachlan Shire,New South Wales,-34.418664,149.584949,70263,GOULBURN TAFE,-34.7495,149.7034,91,1971,2026,38.35,25-50 km
17650,Uralla,New South Wales,-30.485434,151.302199,56238,ARMIDALE AIRPORT AWS,-30.5273,151.6158,98,1994,2026,30.4,25-50 km
17750,Wagga Wagga,New South Wales,-35.1862,147.462861,72150,WAGGA WAGGA AMO,-35.1583,147.4575,100,1941,2026,3.14,<=25 km
17850,Walcha,New South Wales,-31.197543,151.749059,55136,WOOLBROOK (WOOLBROOK ROAD),-30.9651,151.3505,100,1970,2026,45.92,25-50 km
17900,Walgett,New South Wales,-29.788316,148.23891,52088,WALGETT AIRPORT AWS,-30.0372,148.1223,98,1993,2026,29.87,25-50 km
17950,Warren,New South Wales,-31.295587,147.80521,51161,COONAMBLE AIRPORT AWS,-30.9776,148.3798,99,1997,2026,65.12,50-100 km
18020,Warrumbungle Shire,New South Wales,-31.455092,149.463316,64017,COONABARABRAN AIRPORT AWS,-31.333,149.2699,99,2001,2026,22.83,<=25 km
18050,Waverley,New South Wales,-33.884095,151.276896,66037,SYDNEY AIRPORT AMO,-33.9465,151.1731,99,1939,2026,11.83,<=25 km
18100,Weddin,New South Wales,-33.87844,147.975696,73014,GRENFELL (MANGANESE RD),-33.8934,148.1523,90,1970,2026,16.39,<=25 km
18200,Wentworth,New South Wales,-33.659257,142.012819,47029,POONCARIE MAIL AGENCY,-33.3856,142.5696,99,2002,2026,59.92,50-100 km
18250,Willoughby,New South Wales,-33.801662,151.183233,66212,SYDNEY OLYMPIC PARK AWS (ARCHERY CENTRE),-33.8338,151.0718,99,2011,2026,10.9,<=25 km
18350,Wingecarribee,New South Wales,-34.490777,150.366931,68239,MOSS VALE AWS,-34.5253,150.4217,98,2001,2026,6.32,<=25 km
18400,Wollondilly,New South Wales,-34.069675,150.402958,68262,HIGH RANGE AWS (WANGANDERRY),-34.3335,150.267,99,2014,2026,31.89,25-50 km
18450,Wollongong,New South Wales,-34.341854,150.833785,68228,BELLAMBI AWS,-34.3692,150.9291,98,1997,2026,9.26,<=25 km
18500,Woollahra,New South Wales,-33.86178,151.273287,66037,SYDNEY AIRPORT AMO,-33.9465,151.1731,99,1939,2026,13.2,<=25 km
18710,Yass Valley,New South Wales,-34.926586,148.941272,73007,BURRINJUCK DAM,-34.9997,148.5984,91,1965,2026,32.29,25-50 km
70200,Alice Springs,Northern Territory,-23.729354,133.855389,15590,ALICE SPRINGS AIRPORT,-23.7951,133.889,100,1941,2026,8.07,<=25 km
70420,Barkly,Northern Territory,-19.557568,135.01012,15135,TENNANT CREEK AIRPORT,-19.6423,134.1833,99,1969,2026,87.12,50-100 km
70540,Belyuen,Northern Territory,-12.537356,130.683192,14031,CHARLES POINT,-12.3895,130.6306,98,2014,2026,17.4,<=25 km
70620,Central Desert,Northern Territory,-21.047703,130.878088,15666,RABBIT FLAT,-20.1823,130.0148,99,1996,2026,131.65,>100 km
70700,Coomalie,Northern Territory,-13.152464,131.050054,14272,BATCHELOR AIRPORT,-13.0544,131.0252,94,1992,2026,11.23,<=25 km
71000,Darwin,Northern Territory,-12.399753,130.892457,14015,DARWIN AIRPORT,-12.4239,130.8925,99,1941,2026,2.69,<=25 km
71150,Darwin Waterfront Precinct,Northern Territory,-12.46847,130.847604,14015,DARWIN AIRPORT,-12.4239,130.8925,99,1941,2026,6.95,<=25 km
71300,East Arnhem,Northern Territory,-13.099468,135.648077,14517,NGAYAWILI,-11.9971,135.5726,96,1999,2026,122.85,>100 km
72200,Katherine,Northern Territory,-14.650861,132.169724,14932,TINDAL RAAF,-14.5229,132.3826,95,1985,2026,26.97,25-50 km
72300,Litchfield,Northern Territory,-12.502261,131.195697,14041,MIDDLE POINT,-12.605,131.2988,98,2001,2026,15.99,<=25 km
72330,MacDonnell,Northern Territory,-24.609643,133.499707,15590,ALICE SPRINGS AIRPORT,-23.7951,133.889,100,1941,2026,98.8,50-100 km
72800,Palmerston,Northern Territory,-12.496208,130.980145,14015,DARWIN AIRPORT,-12.4239,130.8925,99,1941,2026,12.46,<=25 km
73600,Roper Gulf,Northern Territory,-15.305647,134.056888,14299,NGUKURR AIRPORT,-14.7238,134.7456,98,2012,2026,98.27,50-100 km
74050,Tiwi Islands,Northern Territory,-11.552186,130.972254,14142,PIRLANGIMPI AIRPORT,-11.4021,130.4217,93,1979,2026,62.27,50-100 km
79399,Unincorporated NT,Northern Territory,-13.144299,131.646219,14272,BATCHELOR AIRPORT,-13.0544,131.0252,94,1992,2026,68.0,50-100 km
74550,Victoria Daly,Northern Territory,-15.899869,130.546044,14825,VICTORIA RIVER DOWNS,-16.403,131.0145,92,1965,2026,75.06,50-100 km
74560,Wagait,Northern Territory,-12.45257,130.75148,14031,CHARLES POINT,-12.3895,130.6306,98,2014,2026,14.88,<=25 km
74660,West Arnhem,Northern Territory,-12.418741,133.41627,14310,OENPELLI AIRPORT,-12.3272,133.0069,96,2012,2026,45.61,25-50 km
74680,West Daly,Northern Territory,-14.086665,130.003595,14272,BATCHELOR AIRPORT,-13.0544,131.0252,94,1992,2026,159.28,>100 km
51710,Christmas Island,Other Territories,-10.491367,105.616925,200790,CHRISTMAS ISLAND AERO,-10.4515,105.689,94,1972,2026,9.04,<=25 km
51860,Cocos Islands,Other Territories,-12.077274,96.839599,200284,COCOS ISLAND AIRPORT,-12.1892,96.8344,98,1952,2026,12.46,<=25 km
99399,Unincorp. Other Territories,Other Territories,-35.159376,150.682291,68151,JERVIS BAY (POINT PERPENDICULAR AWS),-35.0936,150.8049,98,2001,2026,13.34,<=25 km
30250,Aurukun,Queensland,-13.60359,141.769445,27045,WEIPA AERO,-12.6778,141.9208,99,1992,2026,104.24,>100 km
30300,Balonne,Queensland,-28.285273,147.943537,44010,BOLLON MARY ST,-28.0338,147.4783,94,1957,2026,53.5,50-100 km
30370,Banana,Queensland,-24.805379,150.104066,39089,THANGOOL AIRPORT,-24.4935,150.5709,95,1964,2026,58.55,50-100 km
30410,Barcaldine,Queensland,-23.052108,145.820902,36034,BLACKALL AIRPORT,-24.4303,145.4306,99,2001,2026,158.31,>100 km
30450,Barcoo,Queensland,-25.175259,142.532156,45009,BALLERA GAS FIELD,-27.4008,141.8114,99,2002,2026,257.69,>100 km
30760,Blackall Tambo,Queensland,-24.785356,145.797816,35069,TAMBO POST OFFICE,-24.8819,146.2564,94,1957,2026,47.51,25-50 km
30900,Boulia,Queensland,-22.278755,138.744123,37058,URANDANGI AERODROME,-21.5979,138.3665,98,2012,2026,85.14,50-100 km
31000,Brisbane,Queensland,-27.440586,152.89731,40913,BRISBANE,-27.4808,153.0389,99,1999,2026,14.67,<=25 km
31750,Bulloo,Queensland,-27.826103,142.648888,45009,BALLERA GAS FIELD,-27.4008,141.8114,99,2002,2026,95.11,50-100 km
31820,Bundaberg,Queensland,-24.972525,152.011849,39066,GAYNDAH AIRPORT,-25.6167,151.6156,99,2003,2026,81.96,50-100 km
31900,Burdekin,Queensland,-19.849312,147.217049,33002,AYR DPI RESEARCH STN,-19.6169,147.3758,90,1951,2026,30.72,25-50 km
31950,Burke,Queensland,-18.066234,138.907553,29077,BURKETOWN AIRPORT,-17.7483,139.5356,98,2001,2026,75.27,50-100 km
32080,Cairns,Queensland,-17.105402,145.765794,31222,CAIRNS RACECOURSE,-16.9463,145.7474,99,2013,2026,17.8,<=25 km
32250,Carpentaria,Queensland,-17.322747,141.599542,29063,NORMANTON AIRPORT,-17.6872,141.0733,98,2001,2026,68.97,50-100 km
32260,Cassowary Coast,Queensland,-17.967749,145.87488,32004,CARDWELL MARINE PDE,-18.2544,146.0192,93,1957,2026,35.34,25-50 km
32270,Central Highlands (Qld),Queensland,-24.063083,148.308681,35129,ROLLESTON AIRPORT,-24.4617,148.6264,98,2010,2026,54.79,50-100 km
32310,Charters Towers,Queensland,-20.208948,145.974119,34084,CHARTERS TOWERS AIRPORT COMPARISON,-20.0427,146.2716,95,1992,2026,36.14,25-50 km
32330,Cherbourg,Queensland,-26.287485,151.929142,40922,KINGAROY AIRPORT,-26.5737,151.8398,99,2001,2026,33.05,25-50 km
32450,Cloncurry,Queensland,-20.698471,140.346285,29127,MOUNT ISA AERO,-20.6778,139.4875,98,1966,2026,89.36,50-100 km
32500,Cook,Queensland,-13.682458,142.761734,27073,COEN AIRPORT,-13.7606,143.1183,98,2002,2026,39.48,25-50 km
32600,Croydon,Queensland,-18.513623,141.967023,29063,NORMANTON AIRPORT,-17.6872,141.0733,98,2001,2026,131.78,>100 km
32750,Diamantina,Queensland,-24.576173,139.68258,38026,BIRDSVILLE AIRPORT,-25.8975,139.3472,99,2000,2026,150.75,>100 km
32770,Doomadgee,Queensland,-17.640184,138.745818,29077,BURKETOWN AIRPORT,-17.7483,139.5356,98,2001,2026,84.52,50-100 km
32810,Douglas,Queensland,-16.309642,145.289065,31037,LOW ISLES LIGHTHOUSE,-16.3842,145.5592,99,1967,2026,29.99,25-50 km
33100,Etheridge,Queensland,-18.56308,143.721674,30124,GEORGETOWN AIRPORT,-18.3039,143.5306,99,2004,2026,35.17,25-50 km
33200,Flinders (Qld),Queensland,-20.866814,144.252192,30022,HUGHENDEN AIRPORT,-20.8192,144.2333,99,2001,2026,5.65,<=25 km
33220,Fraser Coast,Queensland,-25.583594,152.516004,40126,MARYBOROUGH,-25.5132,152.7152,99,1957,2026,21.46,<=25 km
33360,Gladstone,Queensland,-24.16787,151.310222,39326,GLADSTONE AIRPORT,-23.8697,151.2214,99,1993,2026,34.36,25-50 km
33430,Gold Coast,Queensland,-27.978436,153.322043,40764,GOLD COAST SEAWAY,-27.939,153.4283,97,1989,2026,11.32,<=25 km
33610,Goondiwindi,Queensland,-28.463355,150.288429,53115,MOREE AERO,-29.4898,149.8471,99,1995,2026,121.94,>100 km
33620,Gympie,Queensland,-26.17743,152.478999,40908,TEWANTIN RSL PARK,-26.3911,153.0403,99,1996,2026,60.8,50-100 km
33800,Hinchinbrook,Queensland,-18.660478,146.066982,32004,CARDWELL MARINE PDE,-18.2544,146.0192,93,1957,2026,45.43,25-50 km
33830,Hope Vale,Queensland,-15.136988,145.207273,31213,CAPE FLATTERY,-14.9672,145.3106,99,2003,2026,21.9,<=25 km
33960,Ipswich,Queensland,-27.677524,152.670675,40004,AMBERLEY AMO,-27.6297,152.7111,99,1952,2026,6.64,<=25 km
33980,Isaac,Queensland,-22.243106,147.82612,34035,MORANBAH AIRPORT,-22.0644,148.0758,99,2012,2026,32.5,25-50 km
34420,Kowanyama,Queensland,-15.274233,141.818177,27073,COEN AIRPORT,-13.7606,143.1183,98,2002,2026,218.89,>100 km
34530,Livingstone,Queensland,-22.821609,150.11664,33195,WILLIAMSON,-22.4703,150.1786,99,2005,2026,39.58,25-50 km
34570,Lockhart River,Queensland,-13.021711,143.213076,28008,LOCKHART RIVER AIRPORT,-12.785,143.3047,93,1965,2026,28.13,25-50 km
34580,Lockyer Valley,Queensland,-27.680918,152.19954,40082,UNIVERSITY OF QUEENSLAND GATTON,-27.5436,152.3375,98,1965,2026,20.44,<=25 km
34590,Logan,Queensland,-27.762807,153.00275,40854,LOGAN CITY WATER TREATMENT PLANT,-27.6841,153.1981,91,1992,2026,21.13,<=25 km
34710,Longreach,Queensland,-23.875174,143.913113,36031,LONGREACH AERO,-23.4397,144.2828,97,1966,2026,61.34,50-100 km
34770,Mackay,Queensland,-21.160354,148.752676,33119,MACKAY M.O,-21.1172,149.2169,99,1959,2026,48.38,25-50 km
34830,Mapoon,Queensland,-12.098058,141.8552,27075,SCHERGER RAAF,-12.6167,142.0869,97,2005,2026,62.92,50-100 km
34860,Maranoa,Queensland,-26.396152,148.538096,43091,ROMA AIRPORT,-26.5477,148.771,99,1992,2026,28.66,25-50 km
34880,Mareeba,Queensland,-17.129352,143.924224,30124,GEORGETOWN AIRPORT,-18.3039,143.5306,99,2004,2026,137.1,>100 km
34800,McKinlay,Queensland,-20.595314,141.71192,29058,JULIA CREEK AIRPORT,-20.6672,141.7214,98,2001,2026,8.05,<=25 km
35010,Moreton Bay,Queensland,-27.107327,152.902692,40284,BEERBURRUM FOREST STATION,-26.9586,152.9619,99,1999,2026,17.55,<=25 km
35250,Mornington,Queensland,-16.563073,139.339888,29182,MORNINGTON ISLAND AIRPORT,-16.662,139.1655,98,2013,2026,21.59,<=25 km
35300,Mount Isa,Queensland,-19.75906,138.761258,37010,CAMOOWEAL TOWNSHIP,-19.9225,138.1214,97,1939,2026,69.35,50-100 km
35600,Murweh,Queensland,-26.135623,146.369031,44021,CHARLEVILLE AERO,-26.4139,146.2558,99,1942,2026,32.94,25-50 km
35670,Napranum,Queensland,-12.537624,142.268544,27075,SCHERGER RAAF,-12.6167,142.0869,97,2005,2026,21.59,<=25 km
35740,Noosa,Queensland,-26.318168,152.930828,40908,TEWANTIN RSL PARK,-26.3911,153.0403,99,1996,2026,13.59,<=25 km
35760,North Burnett,Queensland,-25.244343,151.173083,39066,GAYNDAH AIRPORT,-25.6167,151.6156,99,2003,2026,60.74,50-100 km
35780,Northern Peninsula Area,Queensland,-10.975784,142.310871,27058,HORN ISLAND,-10.5844,142.29,98,1995,2026,43.58,25-50 km
35790,Palm Island,Queensland,-18.726405,146.605854,32040,TOWNSVILLE AERO,-19.2483,146.7661,100,1940,2026,60.43,50-100 km
35800,Paroo,Queensland,-27.988514,145.852682,44026,CUNNAMULLA POST OFFICE,-28.0689,145.6822,95,1957,2026,18.97,<=25 km
36070,Pormpuraaw,Queensland,-14.650716,141.789441,27073,COEN AIRPORT,-13.7606,143.1183,98,2002,2026,174.11,>100 km
36150,Quilpie,Queensland,-26.149351,143.754955,45025,THARGOMINDAH AIRPORT,-27.9867,143.815,98,1999,2026,204.39,>100 km
36250,Redland,Queensland,-27.586053,153.244743,140007,REDLAND (ALEXANDRA HILLS),-27.5433,153.2394,99,2015,2026,4.78,<=25 km
36300,Richmond,Queensland,-20.569948,142.9277,30161,RICHMOND AIRPORT,-20.7001,143.1137,98,1998,2026,24.17,<=25 km
36370,Rockhampton,Queensland,-23.417166,150.168151,39083,ROCKHAMPTON AERO,-23.3753,150.4775,99,1939,2026,31.91,25-50 km
36510,Scenic Rim,Queensland,-28.040204,152.810611,40983,BEAUDESERT DRUMLEY STREET,-27.9707,152.9898,99,2007,2026,19.21,<=25 km
36580,Somerset,Queensland,-27.011519,152.447169,40284,BEERBURRUM FOREST STATION,-26.9586,152.9619,99,1999,2026,51.34,50-100 km
36630,South Burnett,Queensland,-26.400777,151.622359,40922,KINGAROY AIRPORT,-26.5737,151.8398,99,2001,2026,28.95,25-50 km
36660,Southern Downs,Queensland,-28.501919,151.842467,41095,STANTHORPE,-28.6632,151.929,90,1957,2026,19.82,<=25 km
36720,Sunshine Coast,Queensland,-26.707821,152.850878,40988,NAMBOUR DAFF - HILLSIDE,-26.6442,152.9383,99,2007,2026,11.2,<=25 km
36820,Tablelands,Queensland,-17.833564,145.275327,31108,WALKAMIN RESEARCH STATION,-17.1347,145.4281,97,1968,2026,79.38,50-100 km
36910,Toowoomba,Queensland,-27.479309,151.520535,41359,OAKEY AERO,-27.4034,151.7413,93,1973,2026,23.36,<=25 km
36950,Torres,Queensland,-10.682445,142.188682,27058,HORN ISLAND,-10.5844,142.29,98,1995,2026,15.54,<=25 km
36960,Torres Strait Island,Queensland,-9.396834,142.681722,27058,HORN ISLAND,-10.5844,142.29,98,1995,2026,138.84,>100 km
37010,Townsville,Queensland,-19.351971,146.768015,32040,TOWNSVILLE AERO,-19.2483,146.7661,100,1940,2026,11.53,<=25 km
37300,Weipa,Queensland,-12.634327,141.876452,27045,WEIPA AERO,-12.6778,141.9208,99,1992,2026,6.82,<=25 km
37310,Western Downs,Queensland,-26.806544,150.559008,42112,MILES CONSTANCE STREET,-26.6569,150.1819,99,1997,2026,40.98,25-50 km
37340,Whitsunday,Queensland,-20.697762,147.708043,33247,PROSERPINE AIRPORT,-20.4925,148.555,98,1988,2026,91.07,50-100 km
37400,Winton,Queensland,-22.508099,142.352196,37039,WINTON AIRPORT,-22.3617,143.0836,99,2002,2026,76.92,50-100 km
37550,Woorabinda,Queensland,-23.48176,149.684079,39083,ROCKHAMPTON AERO,-23.3753,150.4775,99,1939,2026,81.81,50-100 km
37570,Wujal Wujal,Queensland,-15.965877,145.317763,31037,LOW ISLES LIGHTHOUSE,-16.3842,145.5592,99,1967,2026,53.18,50-100 km
37600,Yarrabah,Queensland,-17.01727,145.874568,31222,CAIRNS RACECOURSE,-16.9463,145.7474,99,2013,2026,15.66,<=25 km
40070,Adelaide,South Australia,-34.920387,138.597083,23034,ADELAIDE AIRPORT M.O.,-34.9524,138.5196,100,1955,2026,7.91,<=25 km
40120,Adelaide Hills,South Australia,-34.901093,138.829396,23842,MOUNT LOFTY,-34.9784,138.7088,98,1987,2026,13.95,<=25 km
40150,Adelaide Plains,South Australia,-34.510446,138.470988,23122,ROSEWORTHY AWS,-34.5106,138.6763,99,1997,2026,18.81,<=25 km
40220,Alexandrina,South Australia,-35.337602,138.834671,24580,STRATHALBYN RACECOURSE,-35.2836,138.8934,99,1996,2026,8.03,<=25 km
40250,Anangu Pitjantjatjara Yunkunytjatjara,South Australia,-27.035959,131.204333,16097,ERNABELLA (PUKATJA),-26.2635,132.1771,91,1997,2026,129.32,>100 km
40310,Barossa,South Australia,-34.613484,138.938487,23878,MOUNT CRAWFORD AWS,-34.7253,138.9278,98,1994,2026,12.47,<=25 km
40430,Barunga West,South Australia,-33.795304,137.899215,22050,KADINA AWS,-33.9703,137.6628,99,2005,2026,29.24,25-50 km
40520,Berri Barmera,South Australia,-34.286721,140.50136,24048,RENMARK AERO,-34.1983,140.6766,99,1995,2026,18.87,<=25 km
40700,Burnside,South Australia,-34.944314,138.647,23842,MOUNT LOFTY,-34.9784,138.7088,98,1987,2026,6.79,<=25 km
40910,Campbelltown (SA),South Australia,-34.885417,138.679391,23842,MOUNT LOFTY,-34.9784,138.7088,98,1987,2026,10.68,<=25 km
41010,Ceduna,South Australia,-32.147327,134.098149,18012,CEDUNA AMO,-32.1297,133.6976,99,1939,2026,37.76,25-50 km
41060,Charles Sturt,South Australia,-34.900564,138.537244,23034,ADELAIDE AIRPORT M.O.,-34.9524,138.5196,100,1955,2026,5.98,<=25 km
41140,Clare and Gilbert Valleys,South Australia,-34.01487,138.772841,21131,CLARE HIGH SCHOOL,-33.8226,138.5933,99,1994,2026,27.05,25-50 km
41190,Cleve,South Australia,-33.65768,136.28898,18116,CLEVE AERODROME,-33.7081,136.5026,98,1996,2026,20.55,<=25 km
41330,Coober Pedy,South Australia,-29.016387,134.756981,16090,COOBER PEDY AIRPORT,-29.0347,134.7222,99,1994,2026,3.95,<=25 km
47800,Coorong,South Australia,-35.718419,139.761906,25557,KEITH (MUNKORA),-36.1058,140.3273,99,2001,2026,66.69,50-100 km
41560,Copper Coast,South Australia,-33.942639,137.732555,22050,KADINA AWS,-33.9703,137.6628,99,2005,2026,7.13,<=25 km
41750,Elliston,South Australia,-33.537183,135.385217,18044,KYANCUTTA TOWN,-33.1337,135.5521,98,1930,2026,47.47,25-50 km
41830,Flinders Ranges,South Australia,-32.129211,138.215632,19017,HAWKER,-31.9043,138.4388,91,1966,2026,32.68,25-50 km
41960,Franklin Harbour,South Australia,-33.60166,136.962469,18116,CLEVE AERODROME,-33.7081,136.5026,98,1996,2026,44.18,25-50 km
42030,Gawler,South Australia,-34.621508,138.719718,23122,ROSEWORTHY AWS,-34.5106,138.6763,99,1997,2026,12.96,<=25 km
42110,Goyder,South Australia,-33.718979,139.037219,21131,CLARE HIGH SCHOOL,-33.8226,138.5933,99,1994,2026,42.62,25-50 km
42250,Grant,South Australia,-37.835847,140.58668,26021,MOUNT GAMBIER AERO,-37.7473,140.7739,99,1941,2026,19.17,<=25 km
42600,Holdfast Bay,South Australia,-35.00225,138.521042,23034,ADELAIDE AIRPORT M.O.,-34.9524,138.5196,100,1955,2026,5.54,<=25 km
42750,Kangaroo Island,South Australia,-35.818042,137.156513,22843,PARNDANA CFS AWS,-35.7916,137.2496,98,2011,2026,8.89,<=25 km
43080,Karoonda East Murray,South Australia,-34.943267,140.024847,25006,KAROONDA,-35.09,139.8972,91,2002,2026,20.03,<=25 km
43220,Kimba,South Australia,-32.969971,136.081576,18040,KIMBA,-33.1416,136.4126,92,1967,2026,36.28,25-50 km
43360,Kingston (SA),South Australia,-36.640888,140.140329,26100,PADTHAWAY SOUTH,-36.6539,140.5212,99,2000,2026,34.01,25-50 km
43650,Light,South Australia,-34.409788,138.83214,23373,NURIOOTPA PIRSA,-34.4761,139.0056,99,1996,2026,17.53,<=25 km
43710,Lower Eyre Peninsula,South Australia,-34.47244,135.583587,18217,CUMMINS AERO,-34.2524,135.7135,99,2007,2026,27.22,25-50 km
43790,Loxton Waikerie,South Australia,-34.47567,140.28274,24024,LOXTON RESEARCH CENTRE,-34.439,140.5978,99,1984,2026,29.17,25-50 km
44000,Maralinga Tjarutja,South Australia,-29.242811,130.999671,18106,NULLARBOR,-31.4492,130.8976,99,1986,2026,245.53,>100 km
44060,Marion,South Australia,-35.025826,138.546191,23034,ADELAIDE AIRPORT M.O.,-34.9524,138.5196,100,1955,2026,8.52,<=25 km
44210,Mid Murray,South Australia,-34.415603,139.36124,23373,NURIOOTPA PIRSA,-34.4761,139.0056,99,1996,2026,33.3,25-50 km
44340,Mitcham,South Australia,-35.006628,138.626605,23842,MOUNT LOFTY,-34.9784,138.7088,98,1987,2026,8.12,<=25 km
44550,Mount Barker,South Australia,-35.069008,138.894849,23733,MOUNT BARKER,-35.0732,138.8466,97,1957,2026,4.42,<=25 km
44620,Mount Gambier,South Australia,-37.825138,140.782101,26021,MOUNT GAMBIER AERO,-37.7473,140.7739,99,1941,2026,8.69,<=25 km
44830,Mount Remarkable,South Australia,-32.72053,138.191062,18201,PORT AUGUSTA AERO,-32.5073,137.7169,99,2001,2026,50.34,50-100 km
45040,Murray Bridge,South Australia,-35.200844,139.217888,24521,MURRAY BRIDGE,-35.1234,139.2592,98,1966,2026,9.39,<=25 km
45090,Naracoorte Lucindale,South Australia,-36.984476,140.527949,26099,NARACOORTE AERODROME,-36.9813,140.727,99,1998,2026,17.68,<=25 km
45120,Northern Areas,South Australia,-33.301831,138.522213,19062,YONGALA,-33.0276,138.756,95,1957,2026,37.46,25-50 km
45290,Norwood Payneham and St Peters,South Australia,-34.90795,138.636113,23842,MOUNT LOFTY,-34.9784,138.7088,98,1987,2026,10.26,<=25 km
45340,Onkaparinga,South Australia,-35.186855,138.582875,23885,NOARLUNGA,-35.1586,138.5057,99,2000,2026,7.69,<=25 km
45400,Orroroo Carrieton,South Australia,-32.542448,138.664996,19062,YONGALA,-33.0276,138.756,95,1957,2026,54.61,50-100 km
45540,Peterborough,South Australia,-32.844099,139.036968,19062,YONGALA,-33.0276,138.756,95,1957,2026,33.22,25-50 km
45680,Playford,South Australia,-34.69416,138.730935,23083,EDINBURGH RAAF,-34.7111,138.6223,96,1972,2026,10.11,<=25 km
45890,Port Adelaide Enfield,South Australia,-34.826257,138.536128,23034,ADELAIDE AIRPORT M.O.,-34.9524,138.5196,100,1955,2026,14.11,<=25 km
46090,Port Augusta,South Australia,-32.615984,137.691488,18201,PORT AUGUSTA AERO,-32.5073,137.7169,99,2001,2026,12.32,<=25 km
46300,Port Lincoln,South Australia,-34.728592,135.856012,18192,NORTH SHIELDS (PORT LINCOLN AWS),-34.5993,135.8784,99,1992,2026,14.52,<=25 km
46450,Port Pirie,South Australia,-33.365152,138.074465,21139,PORT PIRIE AERODROME AWS,-33.2371,137.9971,99,2015,2026,15.95,<=25 km
46510,Prospect,South Australia,-34.884654,138.601373,23034,ADELAIDE AIRPORT M.O.,-34.9524,138.5196,100,1955,2026,10.6,<=25 km
46670,Renmark Paringa,South Australia,-34.143075,140.872114,24048,RENMARK AERO,-34.1983,140.6766,99,1995,2026,19.01,<=25 km
46860,Robe,South Australia,-37.186144,139.995232,26105,ROBE AIRFIELD,-37.1776,139.8054,99,2003,2026,16.84,<=25 km
46970,Roxby Downs,South Australia,-30.55729,136.881493,16096,ROXBY DOWNS (OLYMPIC DAM AERODROME),-30.4869,136.8739,99,1997,2026,7.86,<=25 km
47140,Salisbury,South Australia,-34.768482,138.616381,23083,EDINBURGH RAAF,-34.7111,138.6223,96,1972,2026,6.4,<=25 km
47290,Southern Mallee,South Australia,-35.367553,140.521208,25562,LAMEROO (AUSTIN PLAINS),-35.3778,140.5378,99,2004,2026,1.89,<=25 km
47490,Streaky Bay,South Australia,-32.738141,134.61602,18079,STREAKY BAY,-32.8092,134.2233,96,1957,2026,37.56,25-50 km
47630,Tatiara,South Australia,-36.204187,140.506271,25507,KEITH,-36.098,140.3556,98,1962,2026,17.96,<=25 km
47700,Tea Tree Gully,South Australia,-34.801648,138.715033,23083,EDINBURGH RAAF,-34.7111,138.6223,96,1972,2026,13.16,<=25 km
47910,Tumby Bay,South Australia,-34.196984,136.038653,18217,CUMMINS AERO,-34.2524,135.7135,99,2007,2026,30.52,25-50 km
49399,Unincorporated SA,South Australia,-30.129838,137.000909,16065,ANDAMOOKA,-30.449,137.1692,99,1969,2026,38.99,25-50 km
47980,Unley,South Australia,-34.953807,138.604039,23034,ADELAIDE AIRPORT M.O.,-34.9524,138.5196,100,1955,2026,7.7,<=25 km
48050,Victor Harbor,South Australia,-35.516155,138.562433,23804,VICTOR HARBOR (ENCOUNTER BAY),-35.5544,138.5997,98,2001,2026,5.43,<=25 km
48130,Wakefield,South Australia,-34.000234,138.36426,21131,CLARE HIGH SCHOOL,-33.8226,138.5933,99,1994,2026,28.93,25-50 km
48260,Walkerville,South Australia,-34.894393,138.611845,23034,ADELAIDE AIRPORT M.O.,-34.9524,138.5196,100,1955,2026,10.6,<=25 km
48340,Wattle Range,South Australia,-37.508186,140.530186,26021,MOUNT GAMBIER AERO,-37.7473,140.7739,99,1941,2026,34.17,25-50 km
48410,West Torrens,South Australia,-34.942509,138.545287,23034,ADELAIDE AIRPORT M.O.,-34.9524,138.5196,100,1955,2026,2.59,<=25 km
48540,Whyalla,South Australia,-33.045469,137.429205,18120,WHYALLA AERO,-33.0539,137.5206,91,1982,2026,8.57,<=25 km
48640,Wudinna,South Australia,-32.978526,135.236916,18195,MINNIPA PIRSA,-32.8427,135.1515,98,1996,2026,17.08,<=25 km
48750,Yankalilla,South Australia,-35.493287,138.364693,23875,PARAWA (SECOND VALLEY FOREST AWS),-35.5695,138.2864,99,1994,2026,11.05,<=25 km
48830,Yorke Peninsula,South Australia,-34.692593,137.685347,22031,MINLATON AERO,-34.748,137.5276,99,2001,2026,15.68,<=25 km
60210,Break O'Day,Tasmania,-41.391027,147.945121,92120,ST HELENS AERODROME,-41.3381,148.2792,99,2001,2026,28.49,25-50 km
60410,Brighton,Tasmania,-42.726703,147.286139,94212,CAMPANIA (KINCORA),-42.6867,147.4258,99,2000,2026,12.25,<=25 km
60610,Burnie,Tasmania,-41.19648,145.812415,91344,BURNIE NTC AWS,-41.05,145.9149,99,2013,2026,18.41,<=25 km
60810,Central Coast (Tas.),Tasmania,-41.269938,146.07571,91291,SHEFFIELD SCHOOL FARM,-41.389,146.3173,98,1997,2026,24.13,<=25 km
61010,Central Highlands (Tas.),Tasmania,-42.196015,146.672709,95048,OUSE FIRE STATION,-42.4842,146.7106,99,1998,2026,32.2,25-50 km
61210,Circular Head,Tasmania,-41.154537,145.032313,91259,LUNCHEON HILL (FORESTRY),-41.1492,145.1517,95,1995,2026,10.01,<=25 km
61410,Clarence,Tasmania,-42.862829,147.428354,94029,HOBART (ELLERSLIE ROAD),-42.8897,147.3278,96,1893,2026,8.72,<=25 km
61510,Derwent Valley,Tasmania,-42.803089,146.544217,95003,BUSHY PARK (BUSHY PARK ESTATES),-42.7097,146.8983,92,1957,2026,30.72,25-50 km
61610,Devonport,Tasmania,-41.212944,146.298784,91126,DEVONPORT AIRPORT,-41.1701,146.4289,99,1990,2026,11.88,<=25 km
61810,Dorset,Tasmania,-41.059173,147.657906,91219,SCOTTSDALE (WEST MINSTONE ROAD),-41.1708,147.4883,91,1971,2026,18.87,<=25 km
62010,Flinders (Tas.),Tasmania,-40.391814,148.217719,99005,FLINDERS ISLAND AIRPORT,-40.0911,148.0024,96,1962,2026,38.11,25-50 km
62210,George Town,Tasmania,-41.119783,147.002958,91293,LOW HEAD,-41.0547,146.7874,99,1998,2026,19.46,<=25 km
62410,Glamorgan-Spring Bay,Tasmania,-42.274506,147.925235,92148,SWANSEA (FRANCIS STREET),-42.1381,148.0736,99,2011,2026,19.48,<=25 km
62610,Glenorchy,Tasmania,-42.831853,147.231885,94029,HOBART (ELLERSLIE ROAD),-42.8897,147.3278,96,1893,2026,10.12,<=25 km
62810,Hobart,Tasmania,-42.893848,147.272078,94029,HOBART (ELLERSLIE ROAD),-42.8897,147.3278,96,1893,2026,4.56,<=25 km
63010,Huon Valley,Tasmania,-43.245179,146.510576,94191,HARTZ MOUNTAIN (KEOGHS PIMPLE),-43.2006,146.7683,96,1996,2026,21.46,<=25 km
63210,Kentish,Tasmania,-41.463412,146.161891,91291,SHEFFIELD SCHOOL FARM,-41.389,146.3173,98,1997,2026,15.37,<=25 km
63410,King Island,Tasmania,-39.868608,143.978584,98017,KING ISLAND AIRPORT,-39.8804,143.8857,99,1995,2026,8.03,<=25 km
63610,Kingborough,Tasmania,-43.090256,147.238624,94255,DENNES POINT,-43.0639,147.3567,99,2012,2026,10.03,<=25 km
63810,Latrobe (Tas.),Tasmania,-41.235217,146.4765,91126,DEVONPORT AIRPORT,-41.1701,146.4289,99,1990,2026,8.26,<=25 km
64010,Launceston,Tasmania,-41.321005,147.28458,91237,LAUNCESTON (TI TREE BEND),-41.4194,147.1219,99,1980,2026,17.44,<=25 km
64210,Meander Valley,Tasmania,-41.649493,146.464153,91291,SHEFFIELD SCHOOL FARM,-41.389,146.3173,98,1997,2026,31.44,25-50 km
64610,Northern Midlands,Tasmania,-41.879849,147.436289,93053,ROSS (THE BOULEVARDS),-42.025,147.4954,99,1993,2026,16.86,<=25 km
64810,Sorell,Tasmania,-42.788295,147.734407,94254,DUNALLEY (STROUD POINT),-42.9017,147.7894,99,2012,2026,13.38,<=25 km
65010,Southern Midlands,Tasmania,-42.418184,147.460238,94195,TUNNACK FIRE STATION,-42.4543,147.4612,99,1997,2026,4.02,<=25 km
65210,Tasman,Tasmania,-43.042282,147.687248,94254,DUNALLEY (STROUD POINT),-42.9017,147.7894,99,2012,2026,17.7,<=25 km
65410,Waratah-Wynyard,Tasmania,-41.318532,145.424064,91259,LUNCHEON HILL (FORESTRY),-41.1492,145.1517,95,1995,2026,29.55,25-50 km
65610,West Coast,Tasmania,-42.452416,145.891916,96071,LAKE ST CLAIR NATIONAL PARK,-42.1177,146.1771,90,1989,2025,44.0,25-50 km
65810,West Tamar,Tasmania,-41.264467,146.858604,91293,LOW HEAD,-41.0547,146.7874,99,1998,2026,24.07,<=25 km
20110,Alpine,Victoria,-36.834031,146.987431,83085,MOUNT HOTHAM,-36.9772,147.1342,94,1990,2026,20.58,<=25 km
20260,Ararat,Victoria,-37.489111,142.796911,89112,WESTMERE,-37.7067,142.9378,99,2006,2026,27.19,25-50 km
20570,Ballarat,Victoria,-37.518877,143.767737,88043,MARYBOROUGH,-37.056,143.732,98,1965,2026,51.57,50-100 km
20660,Banyule,Victoria,-37.733826,145.086854,86068,VIEWBANK,-37.7408,145.0972,99,1999,2026,1.2,<=25 km
20740,Bass Coast,Victoria,-38.485044,145.553987,86127,WONTHAGGI,-38.6078,145.5965,93,1968,2026,14.14,<=25 km
20830,Baw Baw,Victoria,-37.970017,146.106918,85291,MOUNT BAW BAW,-37.8384,146.2747,94,1997,2026,20.76,<=25 km
20910,Bayside (Vic.),Victoria,-37.939704,145.017783,86077,MOORABBIN AIRPORT,-37.98,145.0962,98,1971,2026,8.21,<=25 km
21010,Benalla,Victoria,-36.590388,146.031765,82170,BENALLA AIRPORT,-36.5522,145.9977,98,2006,2026,5.22,<=25 km
21110,Boroondara,Victoria,-37.826408,145.061201,86338,MELBOURNE (OLYMPIC PARK),-37.8255,144.9816,99,2013,2026,6.99,<=25 km
21180,Brimbank,Victoria,-37.742819,144.805403,86282,MELBOURNE AIRPORT,-37.6654,144.8329,100,1970,2026,8.94,<=25 km
21270,Buloke,Victoria,-35.846452,142.992668,80128,CHARLTON,-36.2846,143.3341,99,2004,2026,57.58,50-100 km
21370,Campaspe,Victoria,-36.323217,144.716031,80015,ECHUCA AERODROME,-36.1639,144.7639,98,1960,2026,18.23,<=25 km
21450,Cardinia,Victoria,-38.095082,145.5677,86266,FERNY CREEK,-37.8748,145.3497,99,2011,2026,31.06,25-50 km
21610,Casey,Victoria,-38.095159,145.313461,86077,MOORABBIN AIRPORT,-37.98,145.0962,98,1971,2026,22.93,<=25 km
21670,Central Goldfields,Victoria,-36.978834,143.705998,88043,MARYBOROUGH,-37.056,143.732,98,1965,2026,8.89,<=25 km
21750,Colac Otway,Victoria,-38.439543,143.556896,90035,COLAC (MOUNT GELLIBRAND),-38.2333,143.7924,99,2000,2026,30.79,25-50 km
21830,Corangamite,Victoria,-38.215971,143.127406,90176,MORTLAKE RACECOURSE,-38.0737,142.7744,99,1990,2026,34.69,25-50 km
21890,Darebin,Victoria,-37.738203,145.006947,86068,VIEWBANK,-37.7408,145.0972,99,1999,2026,7.94,<=25 km
22110,East Gippsland,Victoria,-37.347903,148.509499,84142,GELANTIPY,-37.22,148.2626,98,1992,2026,26.07,25-50 km
22170,Frankston,Victoria,-38.134001,145.174759,86077,MOORABBIN AIRPORT,-37.98,145.0962,98,1971,2026,18.45,<=25 km
22250,Gannawarra,Victoria,-35.732088,143.800446,80023,KERANG,-35.7466,143.935,93,1962,2026,12.25,<=25 km
22310,Glen Eira,Victoria,-37.89921,145.04104,86338,MELBOURNE (OLYMPIC PARK),-37.8255,144.9816,99,2013,2026,9.72,<=25 km
22410,Glenelg,Victoria,-37.891014,141.350292,90194,DARTMOOR,-37.9222,141.2614,99,2009,2026,8.54,<=25 km
22490,Golden Plains,Victoria,-37.852426,143.839006,87168,SHE OAKS,-37.9075,144.1303,98,1990,2026,26.29,25-50 km
22620,Greater Bendigo,Victoria,-36.722778,144.29043,81123,BENDIGO AIRPORT,-36.7411,144.3274,99,1991,2026,3.87,<=25 km
22670,Greater Dandenong,Victoria,-38.001044,145.186536,86077,MOORABBIN AIRPORT,-37.98,145.0962,98,1971,2026,8.26,<=25 km
22750,Greater Geelong,Victoria,-38.05175,144.38739,87113,AVALON AIRPORT,-38.0288,144.4783,98,1995,2026,8.36,<=25 km
22830,Greater Shepparton,Victoria,-36.426963,145.378161,81125,SHEPPARTON AIRPORT,-36.4288,145.3949,99,1996,2026,1.51,<=25 km
22910,Hepburn,Victoria,-37.31624,144.00233,88110,CASTLEMAINE PRISON,-37.0809,144.2391,97,1966,2026,33.53,25-50 km
22980,Hindmarsh,Victoria,-36.028461,141.712466,78015,NHILL AERODROME,-36.3093,141.6486,99,2003,2026,31.75,25-50 km
23110,Hobsons Bay,Victoria,-37.85706,144.836603,87031,LAVERTON RAAF,-37.8565,144.7565,93,1941,2026,7.03,<=25 km
23190,Horsham,Victoria,-36.828399,142.108853,79100,HORSHAM AERODROME,-36.6699,142.1733,99,1997,2026,18.54,<=25 km
23270,Hume,Victoria,-37.597208,144.823595,86282,MELBOURNE AIRPORT,-37.6654,144.8329,100,1970,2026,7.63,<=25 km
23350,Indigo,Victoria,-36.208786,146.660926,82039,RUTHERGLEN RESEARCH,-36.1048,146.5094,91,1913,2026,17.85,<=25 km
23430,Kingston (Vic.),Victoria,-38.004547,145.110914,86077,MOORABBIN AIRPORT,-37.98,145.0962,98,1971,2026,3.02,<=25 km
23670,Knox,Victoria,-37.898945,145.265781,86104,SCORESBY RESEARCH INSTITUTE,-37.871,145.2561,94,1965,2026,3.22,<=25 km
23810,Latrobe (Vic.),Victoria,-38.253918,146.454788,85280,MORWELL (LATROBE VALLEY AIRPORT),-38.2094,146.4746,99,1984,2026,5.24,<=25 km
23940,Loddon,Victoria,-36.397979,143.894662,80128,CHARLTON,-36.2846,143.3341,99,2004,2026,51.77,50-100 km
24130,Macedon Ranges,Victoria,-37.333331,144.634645,88162,WALLAN (KILMORE GAP),-37.3807,144.9655,99,1993,2026,29.71,25-50 km
24210,Manningham,Victoria,-37.757093,145.18528,86068,VIEWBANK,-37.7408,145.0972,99,1999,2026,7.95,<=25 km
24250,Mansfield,Victoria,-37.241257,146.312817,83024,MOUNT BULLER,-37.145,146.4395,94,1985,2026,15.51,<=25 km
24330,Maribyrnong,Victoria,-37.791468,144.87431,86338,MELBOURNE (OLYMPIC PARK),-37.8255,144.9816,99,2013,2026,10.16,<=25 km
24410,Maroondah,Victoria,-37.802871,145.261494,86104,SCORESBY RESEARCH INSTITUTE,-37.871,145.2561,94,1965,2026,7.59,<=25 km
24600,Melbourne,Victoria,-37.813169,144.948133,86338,MELBOURNE (OLYMPIC PARK),-37.8255,144.9816,99,2013,2026,3.24,<=25 km
24650,Melton,Victoria,-37.681382,144.635965,86282,MELBOURNE AIRPORT,-37.6654,144.8329,100,1970,2026,17.42,<=25 km
24780,Mildura,Victoria,-34.865359,141.800614,76064,WALPEUP RESEARCH,-35.1201,142.004,90,1965,2026,33.85,25-50 km
24850,Mitchell,Victoria,-37.174663,144.976463,88162,WALLAN (KILMORE GAP),-37.3807,144.9655,99,1993,2026,22.93,<=25 km
24900,Moira,Victoria,-36.050509,145.580921,81124,YARRAWONGA,-36.0294,146.0305,97,1993,2026,40.49,25-50 km
24970,Monash,Victoria,-37.896734,145.141221,86077,MOORABBIN AIRPORT,-37.98,145.0962,98,1971,2026,10.07,<=25 km
25060,Moonee Valley,Victoria,-37.749421,144.887461,86282,MELBOURNE AIRPORT,-37.6654,144.8329,100,1970,2026,10.5,<=25 km
25150,Moorabool,Victoria,-37.633283,144.216625,87168,SHE OAKS,-37.9075,144.1303,98,1990,2026,31.42,25-50 km
25250,Moreland,Victoria,-37.735428,144.955812,86338,MELBOURNE (OLYMPIC PARK),-37.8255,144.9816,99,2013,2026,10.27,<=25 km
25340,Mornington Peninsula,Victoria,-38.330859,145.082208,86361,CERBERUS,-38.3646,145.1785,98,1987,2026,9.2,<=25 km
25430,Mount Alexander,Victoria,-37.07618,144.275187,88110,CASTLEMAINE PRISON,-37.0809,144.2391,97,1966,2026,3.24,<=25 km
25490,Moyne,Victoria,-38.187535,142.372006,90186,WARRNAMBOOL AIRPORT NDB,-38.2869,142.4524,99,1998,2026,13.09,<=25 km
25620,Murrindindi,Victoria,-37.280975,145.607542,88164,EILDON FIRE TOWER,-37.2091,145.8423,99,1996,2026,22.26,<=25 km
25710,Nillumbik,Victoria,-37.614891,145.244986,86383,COLDSTREAM,-37.7239,145.4092,99,1994,2026,18.86,<=25 km
25810,Northern Grampians,Victoria,-36.849604,143.022679,79105,STAWELL AERODROME,-37.072,142.7402,99,1996,2026,35.23,25-50 km
25900,Port Phillip,Victoria,-37.858739,144.983389,86338,MELBOURNE (OLYMPIC PARK),-37.8255,144.9816,99,2013,2026,3.7,<=25 km
25990,Pyrenees,Victoria,-37.327378,143.424017,79101,PYRENEES (BEN NEVIS),-37.2281,143.2005,98,2007,2026,22.65,<=25 km
26080,Queenscliffe,Victoria,-38.250942,144.676839,87184,BREAKWATER (GEELONG RACECOURSE),-38.1737,144.3766,99,2011,2026,27.6,25-50 km
26170,South Gippsland,Victoria,-38.698964,146.01669,85301,CORNER INLET (YANAKIE),-38.8051,146.1936,98,2013,2025,19.36,<=25 km
26260,Southern Grampians,Victoria,-37.530301,141.958046,90173,HAMILTON AIRPORT,-37.6486,142.0636,98,1983,2026,16.11,<=25 km
26350,Stonnington,Victoria,-37.861372,145.039144,86338,MELBOURNE (OLYMPIC PARK),-37.8255,144.9816,99,2013,2026,6.44,<=25 km
26430,Strathbogie,Victoria,-36.724236,145.374315,88109,MANGALORE AIRPORT,-36.8886,145.1859,93,1959,2026,24.81,<=25 km
26490,Surf Coast,Victoria,-38.339932,144.097389,90180,AIREYS INLET,-38.4583,144.0883,99,1990,2026,13.19,<=25 km
26610,Swan Hill,Victoria,-35.100563,143.021211,77094,SWAN HILL AERODROME,-35.3766,143.5416,99,1996,2026,56.35,50-100 km
26670,Towong,Victoria,-36.365876,147.602587,82139,HUNTERS HILL,-36.2136,147.5395,98,1993,2026,17.85,<=25 km
29399,Unincorporated Vic,Victoria,-38.351075,145.388674,86373,RHYLL,-38.4612,145.3101,98,1990,2026,14.03,<=25 km
26700,Wangaratta,Victoria,-36.616185,146.431837,82138,WANGARATTA AERO,-36.4205,146.3056,99,1987,2026,24.51,<=25 km
26730,Warrnambool,Victoria,-38.378139,142.502507,90186,WARRNAMBOOL AIRPORT NDB,-38.2869,142.4524,99,1998,2026,11.05,<=25 km
26810,Wellington,Victoria,-37.911725,146.880289,85296,MOUNT MOORNAPA,-37.7481,147.1428,98,1993,2026,29.37,25-50 km
26890,West Wimmera,Victoria,-36.601336,141.399574,78015,NHILL AERODROME,-36.3093,141.6486,99,2003,2026,39.38,25-50 km
26980,Whitehorse,Victoria,-37.828525,145.156442,86104,SCORESBY RESEARCH INSTITUTE,-37.871,145.2561,94,1965,2026,9.94,<=25 km
27070,Whittlesea,Victoria,-37.55081,145.062036,88162,WALLAN (KILMORE GAP),-37.3807,144.9655,99,1993,2026,20.75,<=25 km
27170,Wodonga,Victoria,-36.145097,146.910833,72160,ALBURY AIRPORT AWS,-36.0662,146.953,99,1993,2026,9.56,<=25 km
27260,Wyndham,Victoria,-37.892758,144.629501,87031,LAVERTON RAAF,-37.8565,144.7565,93,1941,2026,11.85,<=25 km
27350,Yarra,Victoria,-37.804893,144.986584,86338,MELBOURNE (OLYMPIC PARK),-37.8255,144.9816,99,2013,2026,2.33,<=25 km
27450,Yarra Ranges,Victoria,-37.749997,145.723963,86383,COLDSTREAM,-37.7239,145.4092,99,1994,2026,27.83,25-50 km
27630,Yarriambiack,Victoria,-36.028412,142.388497,77010,HOPETOUN AIRPORT,-35.7151,142.3569,99,2004,2026,34.95,25-50 km
50080,Albany,Western Australia,-34.70989,118.259561,9999,ALBANY AIRPORT,-34.9411,117.8158,99,2012,2026,47.98,25-50 km
50210,Armadale,Western Australia,-32.179113,116.106557,9240,BICKLEY,-32.0072,116.1369,98,1994,2026,19.33,<=25 km
50250,Ashburton,Western Australia,-22.525224,116.824743,7185,PARABURDOO AERO,-23.1726,117.7493,99,1996,2026,118.98,>100 km
50280,Augusta Margaret River,Western Australia,-34.090917,115.198633,9518,CAPE LEEUWIN,-34.3728,115.1358,100,1907,2026,31.87,25-50 km
50350,Bassendean,Western Australia,-31.90582,115.944604,9021,PERTH AIRPORT M.O.,-31.9275,115.9764,100,1944,2026,3.85,<=25 km
50420,Bayswater,Western Australia,-31.908839,115.903845,9225,PERTH METRO,-31.9192,115.8728,99,1994,2026,3.15,<=25 km
50490,Belmont,Western Australia,-31.954175,115.942461,9021,PERTH AIRPORT M.O.,-31.9275,115.9764,100,1944,2026,4.37,<=25 km
50560,Beverley,Western Australia,-32.158275,116.761605,10515,BEVERLEY,-32.1083,116.9247,99,1968,2026,16.33,<=25 km
50630,Boddington,Western Australia,-32.792156,116.42094,10917,WANDERING,-32.6722,116.6706,99,1998,2026,26.89,25-50 km
50770,Boyup Brook,Western Australia,-33.884133,116.519761,9617,BRIDGETOWN,-33.9486,116.1311,98,1998,2026,36.57,25-50 km
50840,Bridgetown-Greenbushes,Western Australia,-33.992529,116.161286,9617,BRIDGETOWN,-33.9486,116.1311,98,1998,2026,5.62,<=25 km
50910,Brookton,Western Australia,-32.355312,117.048428,10626,PINGELLY,-32.5336,117.0831,98,1970,2026,20.09,<=25 km
50980,Broome,Western Australia,-18.214537,122.677572,3102,BROOME WHARF NTC AWS,-18.0019,122.2162,94,2013,2026,54.19,50-100 km
51080,Broomehill-Tambellup,Western Australia,-34.012799,117.622945,10916,KATANNING,-33.6856,117.6064,99,1999,2026,36.41,25-50 km
51120,Bruce Rock,Western Australia,-31.965049,118.002186,10536,CORRIGIN,-32.3292,117.8733,94,1957,2026,42.27,25-50 km
51190,Bunbury,Western Australia,-33.354781,115.666529,9965,BUNBURY,-33.3567,115.6447,99,1995,2026,2.04,<=25 km
51260,Busselton,Western Australia,-33.684713,115.362833,9603,BUSSELTON AERO,-33.6818,115.4026,99,1997,2026,3.69,<=25 km
51310,Cambridge,Western Australia,-31.935397,115.796252,9215,SWANBOURNE,-31.956,115.7619,99,1993,2026,3.97,<=25 km
51330,Canning,Western Australia,-32.049112,115.90222,9172,JANDAKOT AERO,-32.1011,115.8794,95,1989,2026,6.17,<=25 km
51400,Capel,Western Australia,-33.526913,115.629797,9534,DONNYBROOK,-33.5719,115.8247,93,1957,2026,18.74,<=25 km
51470,Carnamah,Western Australia,-29.730979,115.966791,8296,MORAWA AIRPORT,-29.2039,116.0247,98,1997,2026,58.88,50-100 km
51540,Carnarvon,Western Australia,-24.465488,114.196449,6011,CARNARVON AIRPORT,-24.8878,113.67,99,1945,2026,70.95,50-100 km
51610,Chapman Valley,Western Australia,-28.27042,115.11689,8315,GERALDTON AIRPORT,-28.8047,114.6989,99,2011,2026,72.09,50-100 km
51680,Chittering,Western Australia,-31.357873,116.066324,9178,GINGIN AERO,-31.4628,115.8642,98,1996,2026,22.45,<=25 km
51750,Claremont,Western Australia,-31.981015,115.779167,9215,SWANBOURNE,-31.956,115.7619,99,1993,2026,3.22,<=25 km
51820,Cockburn,Western Australia,-32.127628,115.830362,9172,JANDAKOT AERO,-32.1011,115.8794,95,1989,2026,5.48,<=25 km
51890,Collie,Western Australia,-33.265865,116.170907,9994,COLLIE EAST,-33.3608,116.1717,99,2002,2026,10.56,<=25 km
51960,Coolgardie,Western Australia,-31.00808,120.769132,12038,KALGOORLIE-BOULDER AIRPORT,-30.7847,121.4533,99,1939,2026,69.85,50-100 km
52030,Coorow,Western Australia,-29.978779,115.659786,9131,JURIEN BAY,-30.3081,115.0311,96,1969,2026,70.68,50-100 km
52100,Corrigin,Western Australia,-32.37521,117.800173,10536,CORRIGIN,-32.3292,117.8733,94,1957,2026,8.57,<=25 km
52170,Cottesloe,Western Australia,-31.99902,115.75676,9215,SWANBOURNE,-31.956,115.7619,99,1993,2026,4.81,<=25 km
52240,Cranbrook,Western Australia,-34.336853,117.343285,9964,ROCKY GULLY,-34.5714,117.0106,98,1996,2026,40.13,25-50 km
52310,Cuballing,Western Australia,-32.740259,117.146373,10614,NARROGIN,-32.9342,117.1797,96,1965,2026,21.79,<=25 km
52380,Cue,Western Australia,-27.214071,117.95465,7045,MEEKATHARRA AIRPORT,-26.6136,118.5372,99,1950,2026,88.29,50-100 km
52450,Cunderdin,Western Australia,-31.609789,117.127255,10286,CUNDERDIN AIRFIELD,-31.622,117.2282,99,1996,2026,9.65,<=25 km
52520,Dalwallinu,Western Australia,-30.129961,116.945566,8297,DALWALLINU,-30.276,116.6715,98,1997,2026,30.94,25-50 km
52590,Dandaragan,Western Australia,-30.541257,115.489029,9131,JURIEN BAY,-30.3081,115.0311,96,1969,2026,50.99,50-100 km
52660,Dardanup,Western Australia,-33.41608,115.855133,9534,DONNYBROOK,-33.5719,115.8247,93,1957,2026,17.55,<=25 km
52730,Denmark,Western Australia,-34.908805,117.136162,9998,NORTH WALPOLE,-34.9469,116.7222,99,2004,2026,37.98,25-50 km
52800,Derby-West Kimberley,Western Australia,-17.674179,124.694049,3080,CURTIN AERO,-17.5769,123.8297,97,1989,2026,92.24,50-100 km
52870,Donnybrook-Balingup,Western Australia,-33.702246,115.997114,9534,DONNYBROOK,-33.5719,115.8247,93,1957,2026,21.56,<=25 km
52940,Dowerin,Western Australia,-31.1134,117.088087,8137,WONGAN HILLS,-30.8917,116.7186,97,1966,2026,42.99,25-50 km
53010,Dumbleyung,Western Australia,-33.217989,117.957982,10911,LAKE GRACE,-33.1006,118.4647,99,1997,2026,48.94,25-50 km
53080,Dundas,Western Australia,-32.125967,123.885783,12009,NORSEMAN AERO,-32.2147,121.7547,99,1999,2026,200.82,>100 km
53150,East Fremantle,Western Australia,-32.036554,115.769113,9215,SWANBOURNE,-31.956,115.7619,99,1993,2026,8.98,<=25 km
53220,East Pilbara,Western Australia,-21.617338,124.061421,13030,TELFER AERO,-21.7125,122.2281,92,1974,2026,189.75,>100 km
53290,Esperance,Western Australia,-33.293977,122.415429,9542,ESPERANCE AERO,-33.6825,121.8274,98,1991,2026,69.57,50-100 km
53360,Exmouth,Western Australia,-22.398517,113.944681,5007,LEARMONTH AIRPORT,-22.2406,114.0967,99,1975,2026,23.51,<=25 km
53430,Fremantle,Western Australia,-32.061641,115.775562,9172,JANDAKOT AERO,-32.1011,115.8794,95,1989,2026,10.72,<=25 km
53570,Gingin,Western Australia,-31.184348,115.725495,9178,GINGIN AERO,-31.4628,115.8642,98,1996,2026,33.65,25-50 km
53640,Gnowangerup,Western Australia,-34.084759,118.320753,10622,ONGERUP,-33.9634,118.4788,93,1966,2026,19.86,<=25 km
53710,Goomalling,Western Australia,-31.237179,116.787103,8137,WONGAN HILLS,-30.8917,116.7186,97,1966,2026,38.97,25-50 km
53780,Gosnells,Western Australia,-32.067462,115.997751,9172,JANDAKOT AERO,-32.1011,115.8794,95,1989,2026,11.76,<=25 km
53800,Greater Geraldton,Western Australia,-28.439702,115.756599,8296,MORAWA AIRPORT,-29.2039,116.0247,98,1997,2026,88.9,50-100 km
53920,Halls Creek,Western Australia,-19.001398,127.580216,2079,HALLS CREEK AIRPORT,-18.2337,127.6666,99,2015,2026,85.85,50-100 km
53990,Harvey,Western Australia,-33.150375,115.916047,9994,COLLIE EAST,-33.3608,116.1717,99,2002,2026,33.36,25-50 km
54060,Irwin,Western Australia,-29.340736,115.10139,8315,GERALDTON AIRPORT,-28.8047,114.6989,99,2011,2026,71.29,50-100 km
54130,Jerramungup,Western Australia,-34.024253,119.076017,10905,JACUP,-33.8878,119.1092,98,1993,2026,15.48,<=25 km
54170,Joondalup,Western Australia,-31.779727,115.764767,9265,HILLARYS BOAT HARBOUR NTC AWS,-31.8256,115.7386,93,2013,2026,5.67,<=25 km
54200,Kalamunda,Western Australia,-32.003975,116.102153,9240,BICKLEY,-32.0072,116.1369,98,1994,2026,3.3,<=25 km
54280,Kalgoorlie-Boulder,Western Australia,-30.789365,125.173813,11019,EYRE,-32.2464,126.3008,98,1983,2026,194.06,>100 km
54310,Karratha,Western Australia,-21.123869,116.958382,4090,ROEBOURNE AERO,-20.7594,117.1583,97,2001,2026,45.54,25-50 km
54340,Katanning,Western Australia,-33.624892,117.704325,10916,KATANNING,-33.6856,117.6064,99,1999,2026,11.3,<=25 km
54410,Kellerberrin,Western Australia,-31.576965,117.816994,10092,MERREDIN,-31.4756,118.2789,98,1966,2026,45.21,25-50 km
54480,Kent,Western Australia,-33.532201,118.538258,10622,ONGERUP,-33.9634,118.4788,93,1966,2026,48.26,25-50 km
54550,Kojonup,Western Australia,-33.92539,117.055502,10916,KATANNING,-33.6856,117.6064,99,1999,2026,57.46,50-100 km
54620,Kondinin,Western Australia,-32.483978,119.024742,10568,HYDEN,-32.4419,118.8983,95,1970,2026,12.75,<=25 km
54690,Koorda,Western Australia,-30.59246,117.424493,10007,BENCUBBIN,-30.8081,117.8603,94,1957,2026,48.07,25-50 km
54760,Kulin,Western Australia,-32.765774,118.231576,10911,LAKE GRACE,-33.1006,118.4647,99,1997,2026,43.12,25-50 km
54830,Kwinana,Western Australia,-32.233829,115.821726,9256,GARDEN ISLAND HSF,-32.2433,115.6839,99,2001,2026,13.01,<=25 km
54900,Lake Grace,Western Australia,-33.127474,119.161257,10692,NEWDEGATE RESEARCH STATION,-33.1129,118.84,97,1996,2026,29.96,25-50 km
54970,Laverton,Western Australia,-27.92631,125.444902,12305,LAVERTON AERO,-28.6133,122.4236,98,1991,2026,305.57,>100 km
55040,Leonora,Western Australia,-28.385286,121.003003,12241,LEONORA AERO,-28.8789,121.3186,99,2007,2026,62.94,50-100 km
55110,Mandurah,Western Australia,-32.515242,115.75459,9977,MANDURAH,-32.5219,115.7119,99,2001,2026,4.07,<=25 km
55180,Manjimup,Western Australia,-34.593825,116.302423,9968,SHANNON,-34.5683,116.3367,91,1996,2026,4.23,<=25 km
55250,Meekatharra,Western Australia,-25.300721,118.930362,7045,MEEKATHARRA AIRPORT,-26.6136,118.5372,99,1950,2026,151.18,>100 km
55320,Melville,Western Australia,-32.043482,115.818035,9172,JANDAKOT AERO,-32.1011,115.8794,95,1989,2026,8.63,<=25 km
55390,Menzies,Western Australia,-29.371616,125.685833,11052,FORREST,-30.8453,128.1092,98,1993,2026,284.93,>100 km
55460,Merredin,Western Australia,-31.459127,118.276121,10092,MERREDIN,-31.4756,118.2789,98,1966,2026,1.85,<=25 km
55530,Mingenew,Western Australia,-29.143429,115.469067,8296,MORAWA AIRPORT,-29.2039,116.0247,98,1997,2026,54.36,50-100 km
55600,Moora,Western Australia,-30.51667,116.206601,8297,DALWALLINU,-30.276,116.6715,98,1997,2026,52.0,50-100 km
55670,Morawa,Western Australia,-29.033301,116.026735,8296,MORAWA AIRPORT,-29.2039,116.0247,98,1997,2026,18.97,<=25 km
55740,Mosman Park,Western Australia,-32.014085,115.766044,9215,SWANBOURNE,-31.956,115.7619,99,1993,2026,6.47,<=25 km
55810,Mount Magnet,Western Australia,-28.275538,117.957222,7600,MOUNT MAGNET AERO,-28.1156,117.8425,97,1995,2026,21.04,<=25 km
55880,Mount Marshall,Western Australia,-30.306319,117.876578,10007,BENCUBBIN,-30.8081,117.8603,94,1957,2026,55.82,50-100 km
55950,Mukinbudin,Western Australia,-30.631251,118.29501,10007,BENCUBBIN,-30.8081,117.8603,94,1957,2026,45.97,25-50 km
56090,Mundaring,Western Australia,-31.884455,116.193921,9240,BICKLEY,-32.0072,116.1369,98,1994,2026,14.67,<=25 km
56160,Murchison,Western Australia,-27.07447,116.302973,7600,MOUNT MAGNET AERO,-28.1156,117.8425,97,1995,2026,190.84,>100 km
56230,Murray,Western Australia,-32.623864,116.018212,9538,DWELLINGUP,-32.7103,116.0594,98,1957,2026,10.36,<=25 km
56300,Nannup,Western Australia,-34.134452,115.672745,9842,JARRAHWOOD,-33.7964,115.6658,98,1975,2026,37.6,25-50 km
56370,Narembeen,Western Australia,-32.018237,118.734918,10568,HYDEN,-32.4419,118.8983,95,1970,2026,49.55,25-50 km
56460,Narrogin,Western Australia,-32.998439,117.273054,10614,NARROGIN,-32.9342,117.1797,96,1965,2026,11.26,<=25 km
56580,Nedlands,Western Australia,-31.974626,115.802423,9215,SWANBOURNE,-31.956,115.7619,99,1993,2026,4.35,<=25 km
56620,Ngaanyatjarraku,Western Australia,-24.915275,126.834298,13017,GILES METEOROLOGICAL OFFICE,-25.0341,128.301,100,1956,2026,148.43,>100 km
56730,Northam,Western Australia,-31.699149,116.664861,10111,NORTHAM,-31.6508,116.6586,96,1965,2026,5.41,<=25 km
56790,Northampton,Western Australia,-27.828183,114.685071,8251,KALBARRI,-27.7119,114.165,99,1970,2026,52.78,50-100 km
56860,Nungarin,Western Australia,-31.136989,118.25259,10092,MERREDIN,-31.4756,118.2789,98,1966,2026,37.73,25-50 km
56930,Peppermint Grove,Western Australia,-31.998891,115.766617,9215,SWANBOURNE,-31.956,115.7619,99,1993,2026,4.79,<=25 km
57000,Perenjori,Western Australia,-29.401138,116.473477,8296,MORAWA AIRPORT,-29.2039,116.0247,98,1997,2026,48.73,25-50 km
57080,Perth,Western Australia,-31.965774,115.827071,9215,SWANBOURNE,-31.956,115.7619,99,1993,2026,6.24,<=25 km
57140,Pingelly,Western Australia,-32.531587,117.217804,10626,PINGELLY,-32.5336,117.0831,98,1970,2026,12.63,<=25 km
57210,Plantagenet,Western Australia,-34.625138,117.512024,9999,ALBANY AIRPORT,-34.9411,117.8158,99,2012,2026,44.77,25-50 km
57280,Port Hedland,Western Australia,-20.966523,118.450557,4032,PORT HEDLAND AIRPORT,-20.3725,118.6317,100,1942,2026,68.69,50-100 km
57350,Quairading,Western Australia,-32.015312,117.449556,10286,CUNDERDIN AIRFIELD,-31.622,117.2282,99,1996,2026,48.48,25-50 km
57420,Ravensthorpe,Western Australia,-33.683813,120.161479,10633,RAVENSTHORPE,-33.5803,120.0458,90,1962,2026,15.72,<=25 km
57490,Rockingham,Western Australia,-32.35367,115.796744,9256,GARDEN ISLAND HSF,-32.2433,115.6839,99,2001,2026,16.22,<=25 km
57630,Sandstone,Western Australia,-28.407743,119.24653,12239,BULGA DOWNS,-28.4967,119.7436,97,2002,2026,49.59,25-50 km
57700,Serpentine-Jarrahdale,Western Australia,-32.325054,116.046449,9172,JANDAKOT AERO,-32.1011,115.8794,95,1989,2026,29.45,25-50 km
57770,Shark Bay,Western Australia,-26.403652,114.783555,6105,SHARK BAY AIRPORT,-25.8925,113.5772,99,2000,2026,133.15,>100 km
57840,South Perth,Western Australia,-31.998909,115.870523,9225,PERTH METRO,-31.9192,115.8728,99,1994,2026,8.87,<=25 km
57910,Stirling,Western Australia,-31.890282,115.823143,9225,PERTH METRO,-31.9192,115.8728,99,1994,2026,5.68,<=25 km
57980,Subiaco,Western Australia,-31.953287,115.817734,9215,SWANBOURNE,-31.956,115.7619,99,1993,2026,5.28,<=25 km
58050,Swan,Western Australia,-31.766365,116.082324,9021,PERTH AIRPORT M.O.,-31.9275,115.9764,100,1944,2026,20.52,<=25 km
58190,Tammin,Western Australia,-31.603542,117.477669,10286,CUNDERDIN AIRFIELD,-31.622,117.2282,99,1996,2026,23.71,<=25 km
58260,Three Springs,Western Australia,-29.509974,115.635844,8296,MORAWA AIRPORT,-29.2039,116.0247,98,1997,2026,50.78,50-100 km
58330,Toodyay,Western Australia,-31.468714,116.382318,10111,NORTHAM,-31.6508,116.6586,96,1965,2026,33.09,25-50 km
58400,Trayning,Western Australia,-31.168274,117.803387,10007,BENCUBBIN,-30.8081,117.8603,94,1957,2026,40.42,25-50 km
58470,Upper Gascoyne,Western Australia,-24.745178,116.527317,7185,PARABURDOO AERO,-23.1726,117.7493,99,1996,2026,214.46,>100 km
58510,Victoria Park,Western Australia,-31.976666,115.904992,9225,PERTH METRO,-31.9192,115.8728,99,1994,2026,7.08,<=25 km
58540,Victoria Plains,Western Australia,-31.016066,116.276366,8137,WONGAN HILLS,-30.8917,116.7186,97,1966,2026,44.38,25-50 km
58570,Vincent,Western Australia,-31.931425,115.852184,9225,PERTH METRO,-31.9192,115.8728,99,1994,2026,2.37,<=25 km
58610,Wagin,Western Australia,-33.277894,117.378868,10647,WAGIN,-33.3075,117.3403,98,1970,2026,4.87,<=25 km
58680,Wandering,Western Australia,-32.525637,116.624994,10917,WANDERING,-32.6722,116.6706,99,1998,2026,16.85,<=25 km
58760,Wanneroo,Western Australia,-31.652828,115.784352,9265,HILLARYS BOAT HARBOUR NTC AWS,-31.8256,115.7386,93,2013,2026,19.69,<=25 km
58820,Waroona,Western Australia,-32.849164,115.908493,9538,DWELLINGUP,-32.7103,116.0594,98,1957,2026,20.92,<=25 km
58890,West Arthur,Western Australia,-33.439265,116.739295,9994,COLLIE EAST,-33.3608,116.1717,99,2002,2026,53.41,50-100 km
59030,Westonia,Western Australia,-30.876277,118.718147,12320,SOUTHERN CROSS AIRFIELD,-31.2353,119.3564,99,1996,2026,72.73,50-100 km
59100,Wickepin,Western Australia,-32.820913,117.652865,10614,NARROGIN,-32.9342,117.1797,96,1965,2026,45.95,25-50 km
59170,Williams,Western Australia,-33.052177,116.786535,10614,NARROGIN,-32.9342,117.1797,96,1965,2026,38.94,25-50 km
59250,Wiluna,Western Australia,-25.384161,122.376956,13015,CARNEGIE,-25.7964,122.9753,95,1988,2026,75.51,50-100 km
59310,Wongan-Ballidu,Western Australia,-30.731458,116.847462,8137,WONGAN HILLS,-30.8917,116.7186,97,1966,2026,21.65,<=25 km
59320,Woodanilling,Western Australia,-33.51994,117.310969,10647,WAGIN,-33.3075,117.3403,98,1970,2026,23.78,<=25 km
59330,Wyalkatchem,Western Australia,-31.196397,117.433264,10286,CUNDERDIN AIRFIELD,-31.622,117.2282,99,1996,2026,51.17,50-100 km
59340,Wyndham-East Kimberley,Western Australia,-15.538541,127.101759,1025,DOONGAN,-15.3797,126.3114,90,1988,2026,86.53,50-100 km
59350,Yalgoo,Western Australia,-28.478108,116.891494,7600,MOUNT MAGNET AERO,-28.1156,117.8425,97,1995,2026,101.46,>100 km
59360,Yilgarn,Western Australia,-30.908823,119.480066,12320,SOUTHERN CROSS AIRFIELD,-31.2353,119.3564,99,1996,2026,38.17,25-50 km
59370,York,Western Australia,-31.917092,116.770784,10311,YORK,-31.8997,116.765,99,1996,2026,2.01,<=25 km
